Группа каталога,Тип локации,Регион,Город / кластер,АО Москвы,Район / локация,ЖК,Застройщик,Ссылка на чат,Ссылка исходная,Листы-источники,Строки-источники,Тип списка,Уверенность,Комментарий,slug_chat,slug_group,slug_region,slug_city_cluster,slug_district
3S Group,Новая Москва,Москва,Москва,НАО,Сосенское,ЖК Forevill (Форэвилль),3S Group,https://t.me/JKForeville,https://t.me/JKForeville,Москва чаты,Москва чаты:184,main,medium,,zhk-forevill-forevill,3s-group,moskva,moskva,sosenskoe
45-й Квартал,Другой город/регион,Свердловская область,Екатеринбург,,,Твоя ПривилегияЯ,45-й Квартал,https://t.me/JKTvoyaprivilegiya,https://t.me/JKTvoyaprivilegiya,Екатеринбург чаты,Екатеринбург чаты:10,main,high,,tvoya-privilegiyaya,45-i-kvartal,sverdlovskaya-oblast,ekaterinburg,
5 Донской,Москва,Москва,Москва,ЮАО,Даниловский,ЖК Five Towers,5 Донской,https://t.me/ZhKFiveTowersSosedi,https://t.me/ZhKFiveTowersSosedi,Москва чаты,Москва чаты:194,main,high,,zhk-five-towers,5-donskoi,moskva,moskva,danilovskiy
5 Донской,Москва,Москва,Москва,ЮАО,Донской,ЖК The Five (Зе Файв),5 Донской,https://t.me/TheFiveSob,https://t.me/TheFiveSob,Москва чаты,Москва чаты:202,main,high,,zhk-the-five-ze-fayv,5-donskoi,moskva,moskva,donskoy
AEON Development,Москва,Москва,Москва,ЗАО,Дорогомилово,ЖК River Park Кутузовский,AEON Development,https://t.me/JKRiverParkKutuz,https://t.me/JKRiverParkKutuz,Москва чаты,Москва чаты:196,main,medium,,zhk-river-park-kutuzovskiy,aeon-development,moskva,moskva,dorogomilovo
AFI Development,Москва,Москва,Москва,СВАО,Свиблово,ЖК Афи Тауэр,AFI Development,https://t.me/ZKAfiTowerChatSobstvennikov,https://t.me/ZKAfiTowerChatSobstvennikov,Москва чаты,Москва чаты:40,main,high,,zhk-afi-tauer,afi-development,moskva,moskva,sviblovo
ANT Development,Москва,Москва,Москва,ЗАО,Дорогомилово,ЖК Victory Park Recidences,ANT Development,https://t.me/JKVictoryParkRecidences,https://t.me/JKVictoryParkRecidences,Москва чаты,Москва чаты:61,main,high,,zhk-victory-park-recidences,ant-development,moskva,moskva,dorogomilovo
AVA,Другой город/регион,Краснодарский край,Сочи,,,"ЖК ""Кислород""",AVA,https://t.me/JKKislorodSosedi2,https://t.me/JKKislorodSosedi2,Сочи чаты,Сочи чаты:2,main,high,,zhk-kislorod,ava,krasnodarskiy-kray,sochi,
AVA,Другой город/регион,Краснодарский край,Сочи,,,ЖК Летний,AVA,https://t.me/JKLetniSosedi2,https://t.me/JKLetniSosedi2,Сочи чаты,Сочи чаты:3,main,high,,zhk-letniy,ava,krasnodarskiy-kray,sochi,
Arsenal,Другой город/регион,Санкт-Петербург / Ленинградская область,Санкт-Петербург / агломерация,,,"ЖК ""Энфилд""",Arsenal,https://t.me/JKEnfildSosedi,https://t.me/JKEnfildSosedi,Питер чаты,Питер чаты:45,main,high,,zhk-enfild,arsenal,sankt-peterburg-leningradskaya-oblast,sankt-peterburg-aglomeratsiya,
Bonava,Другой город/регион,Санкт-Петербург / Ленинградская область,Санкт-Петербург / агломерация,,,"ЖК ""Grona Lund""",Bonava,https://t.me/JKGronaLLundSosedi,https://t.me/JKGronaLLundSosedi,Питер чаты,Питер чаты:122,main,high,,zhk-grona-lund,bonava,sankt-peterburg-leningradskaya-oblast,sankt-peterburg-aglomeratsiya,
Capital Group,Москва,Москва,Москва,ЦАО,Пресненский,ЖК Кэпитал Тауэр,Capital Group,https://t.me/JKCapitalTowersChatSobstvennikov,https://t.me/JKCapitalTowersChatSobstvennikov,Москва чаты,Москва чаты:10,main,high,,zhk-kepital-tauer,capital-group,moskva,moskva,presnenskiy
City Solutions,Другой город/регион,Санкт-Петербург / Ленинградская область,Санкт-Петербург / агломерация,,,"ЖК ""Министр""",City Solutions,https://t.me/jkMinistr,https://t.me/jkMinistr,Питер чаты,Питер чаты:121,main,high,,zhk-ministr,city-solutions,sankt-peterburg-leningradskaya-oblast,sankt-peterburg-aglomeratsiya,
Coldy,Москва,Москва,Москва,ЦАО,Хамовники,ЖК Хамовники 12,Coldy,https://t.me/ZhKKhamovniki12Sosedi,https://t.me/ZhKKhamovniki12Sosedi,Москва чаты,Москва чаты:139,main,high,,zhk-hamovniki-12,coldy,moskva,moskva,hamovniki
Coldy,Москва,Москва,Москва,ЮВАО,Нижегородский,ЖК Найс Лофт,Coldy,https://t.me/JKNiceLoft,https://t.me/JKNiceLoft,"Москва чаты, Сдача по чатам",Москва чаты:116; Сдача по чатам:38,"delivery, main",high,,zhk-nays-loft,coldy,moskva,moskva,nizhegorodskiy
DOGMA,Московская область,Московская область,Реутов,,,ЖК Evo,DOGMA,https://t.me/JKEvoSosedi,https://t.me/JKEvoSosedi,Москва чаты,Москва чаты:165,main,high,,zhk-evo,dogma,moskovskaya-oblast,reutov,
Element,Другой город/регион,Санкт-Петербург / Ленинградская область,Санкт-Петербург / агломерация,,,"ЖК ""Коллекционный дом 1919""",Element,https://t.me/JKKollektsioniydom1919Sosedi,https://t.me/JKKollektsioniydom1919Sosedi,Питер чаты,Питер чаты:63,main,high,,zhk-kollektsionnyy-dom-1919,element,sankt-peterburg-leningradskaya-oblast,sankt-peterburg-aglomeratsiya,
Element,Другой город/регион,Санкт-Петербург / Ленинградская область,Санкт-Петербург / агломерация,,,ЖК Shepilevskiy,Element,https://t.me/JKShepilevskiySosedi,https://t.me/JKShepilevskiySosedi,Питер чаты,Питер чаты:85,main,high,,zhk-shepilevskiy,element,sankt-peterburg-leningradskaya-oblast,sankt-peterburg-aglomeratsiya,
FORMA,Москва,Москва,Москва,САО,Аэропорт,ЖК SOUL (Соул),FORMA,https://t.me/JKSoulSobstvenniki,https://t.me/JKSoulSobstvenniki,Москва чаты,Москва чаты:76,main,high,,zhk-soul-soul,forma,moskva,moskva,aeroport
FORMA,Москва,Москва,Москва,СЗАО,Щукино,ЖК MOMENTS,FORMA,https://t.me/JKMomentsChat,https://t.me/JKMomentsChat,Москва чаты,Москва чаты:74,main,high,,zhk-moments,forma,moskva,moskva,schukino
FORMA,Москва,Москва,Москва,ЦАО,Пресненский,ЖК Republic (Репаблик),FORMA,https://t.me/JKRepublicS,https://t.me/JKRepublicS,Москва чаты,Москва чаты:255,main,high,,zhk-republic-repablik,forma,moskva,moskva,presnenskiy
FORMA,Москва,Москва,Москва,ЮВАО,Печатники,ЖК Portland (Портланд),FORMA,https://t.me/JKPortlandS,https://t.me/JKPortlandS,Москва чаты,Москва чаты:148,main,high,,zhk-portland-portland,forma,moskva,moskva,pechatniki
Fizika Development,Другой город/регион,Санкт-Петербург / Ленинградская область,Санкт-Петербург / агломерация,,,"ЖК ""Таленто""",Fizika Development,https://t.me/JKTalento,https://t.me/JKTalento,Питер чаты,Питер чаты:116,main,high,,zhk-talento,fizika-development,sankt-peterburg-leningradskaya-oblast,sankt-peterburg-aglomeratsiya,
For Stars,Другой город/регион,Новосибирская область,Новосибирск,,,ЖК FOR STARS,For Stars,https://t.me/JKForstarsJ,https://t.me/JKForstarsJ,Новосибирск чаты,Новосибирск чаты:72,main,high,,zhk-for-stars,for-stars,novosibirskaya-oblast,novosibirsk,
G3 Group,Московская область,Московская область,Раменский г.о.,,Ильинский/Родники,ЖК G3 Театральный,G3 Group,https://t.me/JKG3Teatralnyi,https://t.me/JKG3Teatralnyi,Москва чаты,Москва чаты:173,main,medium,,zhk-g3-teatralnyy,g3-group,moskovskaya-oblast,ramenskiy-g-o,ilinskiy-rodniki
GRAVION,Москва,Москва,Москва,ЮАО,Донской,ЖК Культ,GRAVION,https://t.me/JKCULTChatSobstvennikov,https://t.me/JKCULTChatSobstvennikov,Москва чаты,Москва чаты:113,main,medium,,zhk-kult,gravion,moskva,moskva,donskoy
Gatchina Gardens,Другой город/регион,Санкт-Петербург / Ленинградская область,Санкт-Петербург / агломерация,,,"ЖК ""Gatchina Gardens""",Gatchina Gardens,https://t.me/JKGatchinaGardensSosedi,https://t.me/JKGatchinaGardensSosedi,Питер чаты,Питер чаты:60,main,high,,zhk-gatchina-gardens,gatchina-gardens,sankt-peterburg-leningradskaya-oblast,sankt-peterburg-aglomeratsiya,
GloraX,Новая Москва,Москва,Москва,НАО,Сосенское / Коммунарка,ЖК Smart Garden (Смарт Гарден),GloraX,https://t.me/JKSmartGardenSob,https://t.me/JKSmartGardenSob,Москва чаты,Москва чаты:208,main,high,,zhk-smart-garden-smart-garden,glorax,moskva,moskva,sosenskoe-kommunarka
GloraX,Москва,Москва,Москва,САО,Беговой,ЖК Glorax Premium,GloraX,https://t.me/JKGloraxPremiumsob,https://t.me/JKGloraxPremiumsob,Москва чаты,Москва чаты:62,main,high,,zhk-glorax-premium,glorax,moskva,moskva,begovoy
GloraX,Другой город/регион,Санкт-Петербург / Ленинградская область,Санкт-Петербург / агломерация,,,"ЖК ""Glorax Premium Василеостровский""",GloraX,https://t.me/JKVasileostrovskiySosedi,https://t.me/JKVasileostrovskiySosedi,Питер чаты,Питер чаты:61,main,high,,zhk-glorax-premium-vasileostrovskiy,glorax,sankt-peterburg-leningradskaya-oblast,sankt-peterburg-aglomeratsiya,
GloraX,Другой город/регион,Санкт-Петербург / Ленинградская область,Санкт-Петербург / агломерация,,,"ЖК ""Glorax Новоселье""",GloraX,https://t.me/JKGloraxNovoselieSosedi,https://t.me/JKGloraxNovoselieSosedi,Питер чаты,Питер чаты:65,main,high,,zhk-glorax-novosele,glorax,sankt-peterburg-leningradskaya-oblast,sankt-peterburg-aglomeratsiya,
GloraX,Другой город/регион,Санкт-Петербург / Ленинградская область,Санкт-Петербург / агломерация,,,"ЖК ""Glorax Парголово""",GloraX,https://t.me/JKGloraxPargolovoSosedi,https://t.me/JKGloraxPargolovoSosedi,Питер чаты,Питер чаты:66,main,high,,zhk-glorax-pargolovo,glorax,sankt-peterburg-leningradskaya-oblast,sankt-peterburg-aglomeratsiya,
Golden Age Group,Другой город/регион,Санкт-Петербург / Ленинградская область,Санкт-Петербург / агломерация,,,ЖК Progect 6/3,Golden Age Group,https://t.me/JKProgect63Sosedi,https://t.me/JKProgect63Sosedi,Питер чаты,Питер чаты:90,main,high,,zhk-progect-6-3,golden-age-group,sankt-peterburg-leningradskaya-oblast,sankt-peterburg-aglomeratsiya,
Insigma,Москва,Москва,Москва,ЦАО,Пресненский,ЖК RedSide (РедСайд),Insigma,https://t.me/ChatZKRedSide,https://t.me/ChatZKRedSide,Москва чаты,Москва чаты:9,main,high,,zhk-redside-redsayd,insigma,moskva,moskva,presnenskiy
King&Sons,Москва,Москва,Москва,ЗАО,Раменки,ЖК KING & SONS (Кинг энд Санс),King&Sons,https://t.me/JKKingSons,https://t.me/JKKingSons,Москва чаты,Москва чаты:233,main,medium,,zhk-king-sons-king-end-sans,king-sons,moskva,moskva,ramenki
LAR Development,Другой город/регион,Санкт-Петербург / Ленинградская область,Санкт-Петербург / агломерация,,,"ЖК ""Ranta Residence""",LAR Development,https://t.me/JKRantaResidence,https://t.me/JKRantaResidence,Питер чаты,Питер чаты:118,main,high,,zhk-ranta-residence,lar-development,sankt-peterburg-leningradskaya-oblast,sankt-peterburg-aglomeratsiya,
LEGENDA Intelligent Development,Москва,Москва,Москва,САО,Левобережный,ЖК Северный Порт,LEGENDA Intelligent Development,https://t.me/JKSeverniyPortS,https://t.me/JKSeverniyPortS,Москва чаты,Москва чаты:263,main,high,,zhk-severnyy-port,legenda-intelligent-development,moskva,moskva,levoberezhnyy
LEGENDA Intelligent Development,Другой город/регион,Санкт-Петербург / Ленинградская область,Санкт-Петербург / агломерация,,,"ЖК ""Большой 67""",LEGENDA Intelligent Development,https://t.me/JKBolshoi67Sosedi,https://t.me/JKBolshoi67Sosedi,Питер чаты,Питер чаты:79,main,high,,zhk-bolshoy-67,legenda-intelligent-development,sankt-peterburg-leningradskaya-oblast,sankt-peterburg-aglomeratsiya,
LEGENDA Intelligent Development,Другой город/регион,Санкт-Петербург / Ленинградская область,Санкт-Петербург / агломерация,,,"ЖК ""Лисичанская 22""",LEGENDA Intelligent Development,https://t.me/JKLisichanskaya22Sosedi,https://t.me/JKLisichanskaya22Sosedi,Питер чаты,Питер чаты:69,main,high,,zhk-lisichanskaya-22,legenda-intelligent-development,sankt-peterburg-leningradskaya-oblast,sankt-peterburg-aglomeratsiya,
LEGENDA Intelligent Development,Другой город/регион,Санкт-Петербург / Ленинградская область,Санкт-Петербург / агломерация,,,"ЖК ""Сампсониевский, 32""",LEGENDA Intelligent Development,https://t.me/JKSampsonievskiy,https://t.me/JKSampsonievskiy,Питер чаты,Питер чаты:113,main,high,,zhk-sampsonievskiy-32,legenda-intelligent-development,sankt-peterburg-leningradskaya-oblast,sankt-peterburg-aglomeratsiya,
Level Group,Москва,Москва,Москва,ЗАО,Очаково-Матвеевское,ЖК Level Мичуринский,Level Group,https://t.me/JKLevelMich,https://t.me/JKLevelMich,Москва чаты,Москва чаты:120,main,high,,zhk-level-michurinskiy,level-group,moskva,moskva,ochakovo-matveevskoe
Level Group,Москва,Москва,Москва,ЗАО,Раменки,ЖК Legacy,Level Group,https://t.me/LKLegacy,https://t.me/LKLegacy,Москва чаты,Москва чаты:56,main,high,,zhk-legacy,level-group,moskva,moskva,ramenki
Level Group,Москва,Москва,Москва,САО,Западное Дегунино,ЖК Левел Селигерская,Level Group,https://t.me/JKLevelSel,https://t.me/JKLevelSel,Москва чаты,Москва чаты:121,main,high,,zhk-level-seligerskaya,level-group,moskva,moskva,zapadnoe-degunino
Level Group,Москва,Москва,Москва,СЗАО,Хорошёво-Мнёвники,ЖК Левел Причальный,Level Group,https://t.me/JKLevelPrichalniy,https://t.me/JKLevelPrichalniy,Москва чаты,Москва чаты:100,main,high,,zhk-level-prichalnyy,level-group,moskva,moskva,horoshevo-mnevniki
Level Group,Москва,Москва,Москва,ЦАО,Басманный,ЖК Level Бауманская,Level Group,https://t.me/JKLevelBaumanskayaS,https://t.me/JKLevelBaumanskayaS,Москва чаты,Москва чаты:134,main,high,,zhk-level-baumanskaya,level-group,moskva,moskva,basmannyy
Level Group,Москва,Москва,Москва,ЦАО,Хамовники,ЖК Саввинская 17 от Level,Level Group,https://t.me/ZhKSavvinskaya17otLevelSosedi,https://t.me/ZhKSavvinskaya17otLevelSosedi,Москва чаты,Москва чаты:69,main,high,,zhk-savvinskaya-17-ot-level,level-group,moskva,moskva,hamovniki
Level Group,Москва,Москва,Москва,ЦАО,Хамовники,ЖК Саввинская 27,Level Group,https://t.me/JKSavvinskaya27,https://t.me/JKSavvinskaya27,Москва чаты,Москва чаты:53,main,high,,zhk-savvinskaya-27,level-group,moskva,moskva,hamovniki
Level Group,Москва,Москва,Москва,ЮАО,Нагатино-Садовники,ЖК «Level Нагатинская,Level Group,https://t.me/zhklevelnagatinskaya,https://t.me/zhklevelnagatinskaya,Москва чаты,Москва чаты:8,main,high,,zhk-level-nagatinskaya,level-group,moskva,moskva,nagatino-sadovniki
Level Group,Москва,Москва,Москва,ЮВАО,Нижегородский,ЖК Level Нижегородская,Level Group,https://t.me/JKLevelNizegorodskaaSob,https://t.me/JKLevelNizegorodskaaSob,Москва чаты,Москва чаты:209,main,high,,zhk-level-nizhegorodskaya,level-group,moskva,moskva,nizhegorodskiy
Level Group,Москва,Москва,Москва,ЮВАО,Печатники,ЖК Level Южнопортовая,Level Group,https://t.me/JKLevelYuznPS,https://t.me/JKLevelYuznPS,Москва чаты,Москва чаты:135,main,high,,zhk-level-yuzhnoportovaya,level-group,moskva,moskva,pechatniki
Level Group,Москва,Москва,Москва,ЮЗАО,Академический,ЖК Level Академическая,Level Group,https://t.me/JKLevelAkademich,https://t.me/JKLevelAkademich,Москва чаты,Москва чаты:65,main,high,,zhk-level-akademicheskaya,level-group,moskva,moskva,akademicheskiy
MDS Development,Другой город/регион,Санкт-Петербург / Ленинградская область,Санкт-Петербург / агломерация,,,"ЖК ""Тихий город""",MDS Development,https://t.me/JKTihigorodSosedi,https://t.me/JKTihigorodSosedi,Питер чаты,Питер чаты:32,main,high,,zhk-tihiy-gorod,mds-development,sankt-peterburg-leningradskaya-oblast,sankt-peterburg-aglomeratsiya,
MR Group,Москва,Москва,Москва,ЗАО,Можайский,ЖК Veer (Веер),MR Group,https://t.me/JKVeer,https://t.me/JKVeer,Москва чаты,Москва чаты:268,main,high,,zhk-veer-veer,mr-group,moskva,moskva,mozhayskiy
MR Group,Москва,Москва,Москва,ЗАО,Раменки,ЖК Хайд,MR Group,https://t.me/ZKHideChatSobstvennik0v,https://t.me/ZKHideChatSobstvennik0v,"Москва чаты, Сдача по чатам",Москва чаты:36; Сдача по чатам:24,"delivery, main",high,,zhk-hayd,mr-group,moskva,moskva,ramenki
MR Group,Москва,Москва,Москва,САО,Беговой,ЖК SLAVA (Слава),MR Group,https://t.me/JKSlavaS,https://t.me/JKSlavaS,Москва чаты,Москва чаты:238,main,high,,zhk-slava-slava,mr-group,moskva,moskva,begovoy
MR Group,Москва,Москва,Москва,САО,Савёловский,ЖК SYMPHONY 34 (Симфони 34),MR Group,https://t.me/JKSYmpHony34Sobstvenniki,https://t.me/JKSYmpHony34Sobstvenniki,"Москва чаты, Сдача по чатам",Москва чаты:23; Сдача по чатам:17,"delivery, main",high,,zhk-symphony-34-simfoni-34,mr-group,moskva,moskva,savelovskiy
MR Group,Москва,Москва,Москва,СВАО,Алексеевский,ЖК МИRA (МИРА),MR Group,https://t.me/JKMNRAS,https://t.me/JKMNRAS,Москва чаты,Москва чаты:240,main,medium,,zhk-mira-mira,mr-group,moskva,moskva,alekseevskiy
MR Group,Москва,Москва,Москва,СВАО,Марьина Роща,ЖК MOD (Мод),MR Group,https://t.me/JKMoDSobstvenniki,https://t.me/JKMoDSobstvenniki,Москва чаты,Москва чаты:123,main,high,,zhk-mod-mod,mr-group,moskva,moskva,marina-roscha
MR Group,Москва,Москва,Москва,СЗАО,Покровское-Стрешнево,ЖК CITYZEN (Ситизен),MR Group,https://t.me/JKCityzen,https://t.me/JKCityzen,Москва чаты,Москва чаты:251,main,high,,zhk-cityzen-sitizen,mr-group,moskva,moskva,pokrovskoe-streshnevo
MR Group,Москва,Москва,Москва,СЗАО,Покровское-Стрешнево,ЖК City Bay,MR Group,https://t.me/ZhKCityBaySosedi,https://t.me/ZhKCityBaySosedi,Москва чаты,Москва чаты:89,main,high,,zhk-city-bay,mr-group,moskva,moskva,pokrovskoe-streshnevo
MR Group,Москва,Москва,Москва,СЗАО,Хорошёво-Мнёвники,ЖК JOIS,MR Group,https://t.me/JKJoisChat,https://t.me/JKJoisChat,Москва чаты,Москва чаты:256,main,high,,zhk-jois,mr-group,moskva,moskva,horoshevo-mnevniki
MR Group,Москва,Москва,Москва,ЦАО,Арбат,ЖК LUCE,MR Group,https://t.me/ZhKLUCESosedi,https://t.me/ZhKLUCESosedi,Москва чаты,Москва чаты:193,main,high,,zhk-luce,mr-group,moskva,moskva,arbat
MR Group,Москва,Москва,Москва,ЦАО,Тверской,ЖК Форум,MR Group,https://t.me/JKForumSob,https://t.me/JKForumSob,Москва чаты,Москва чаты:75,main,medium,,zhk-forum,mr-group,moskva,moskva,tverskoy
MR Group,Москва,Москва,Москва,ЮАО,Даниловский,ЖК Павелецкая Сити,MR Group,https://t.me/PavelecCitY,https://t.me/PavelecCitY,"Москва чаты, Сдача по чатам",Москва чаты:98; Сдача по чатам:20,"delivery, main",high,,zhk-paveletskaya-siti,mr-group,moskva,moskva,danilovskiy
Magnum Development,Москва,Москва,Москва,ЗАО,Раменки,ЖК Liberty,Magnum Development,https://t.me/JKLibertyChat,https://t.me/JKLibertyChat,"Москва чаты, Сдача по чатам",Москва чаты:119; Сдача по чатам:46,"delivery, main",medium,,zhk-liberty,magnum-development,moskva,moskva,ramenki
October Group,Москва,Москва,Москва,ЗАО,Раменки,ЖК Stories на Мосфильмовской,October Group,https://t.me/JKStoriesnaMosfilmovskoiSob,https://t.me/JKStoriesnaMosfilmovskoiSob,Москва чаты,Москва чаты:166,main,high,,zhk-stories-na-mosfilmovskoy,october-group,moskva,moskva,ramenki
PIONEER,Москва,Москва,Москва,СВАО,Марьина Роща,ЖК PRIDE (Прайд),PIONEER,https://t.me/JKPrideSobstvenniki,https://t.me/JKPrideSobstvenniki,Москва чаты,Москва чаты:130,main,high,,zhk-pride-prayd,pioneer,moskva,moskva,marina-roscha
PIONEER,Москва,Москва,Москва,ЦАО,Замоскворечье,ЖК Клубный дом OPUS,PIONEER,https://t.me/ZhKKlubnyydomOPUSSosedi,https://t.me/ZhKKlubnyydomOPUSSosedi,Москва чаты,Москва чаты:140,main,high,,zhk-klubnyy-dom-opus,pioneer,moskva,moskva,zamoskvoreche
PIONEER,Москва,Москва,Москва,ЮАО,Даниловский,"ЖК HIGH LIFE Летниковская, 11",PIONEER,https://t.me/JKHighLife,https://t.me/JKHighLife,Москва чаты,Москва чаты:259,main,high,,zhk-high-life-letnikovskaya-11,pioneer,moskva,moskva,danilovskiy
PIONEER,Москва,Москва,Москва,ЮАО,Донской,ЖК SHIFT (Шифт),PIONEER,https://t.me/JKShiftS,https://t.me/JKShiftS,Москва чаты,Москва чаты:265,main,high,,zhk-shift-shift,pioneer,moskva,moskva,donskoy
PRINZIP,Другой город/регион,Свердловская область,Екатеринбург,,,Риверсайд,PRINZIP,https://t.me/JKRiverside,https://t.me/JKRiverside,Екатеринбург чаты,Екатеринбург чаты:63,main,high,,riversayd,prinzip,sverdlovskaya-oblast,ekaterinburg,
Prospect Group,Другой город/регион,Свердловская область,Екатеринбург,,,Гранит,Prospect Group,https://t.me/JKGranitj,https://t.me/JKGranitj,Екатеринбург чаты,Екатеринбург чаты:38,main,high,,granit,prospect-group,sverdlovskaya-oblast,ekaterinburg,
RBI,Другой город/регион,Санкт-Петербург / Ленинградская область,Санкт-Петербург / агломерация,,,"ЖК ""Куинджи""",RBI,https://t.me/JKkuindzhi,https://t.me/JKkuindzhi,Питер чаты,Питер чаты:92,main,high,,zhk-kuindzhi,rbi,sankt-peterburg-leningradskaya-oblast,sankt-peterburg-aglomeratsiya,
RBI,Другой город/регион,Санкт-Петербург / Ленинградская область,Санкт-Петербург / агломерация,,,"ЖК ""Литера""",RBI,https://t.me/JKLiteraSosedi,https://t.me/JKLiteraSosedi,Питер чаты,Питер чаты:124,main,high,,zhk-litera,rbi,sankt-peterburg-leningradskaya-oblast,sankt-peterburg-aglomeratsiya,
RBI,Другой город/регион,Санкт-Петербург / Ленинградская область,Санкт-Петербург / агломерация,,,ЖК Ultra City 3.0,RBI,https://t.me/JKUltraCity30Sosedi,https://t.me/JKUltraCity30Sosedi,Питер чаты,Питер чаты:123,main,high,,zhk-ultra-city-3-0,rbi,sankt-peterburg-leningradskaya-oblast,sankt-peterburg-aglomeratsiya,
RBI,Другой город/регион,Санкт-Петербург / Ленинградская область,Санкт-Петербург / агломерация,,,ЖК МИРЪ,RBI,https://t.me/JKMlRSosedi,https://t.me/JKMlRSosedi,Питер чаты,Питер чаты:7,main,high,,zhk-mir,rbi,sankt-peterburg-leningradskaya-oblast,sankt-peterburg-aglomeratsiya,
RBI,Другой город/регион,Санкт-Петербург / Ленинградская область,Санкт-Петербург / агломерация,,,ЖК Струны,RBI,https://t.me/JKStruniy,https://t.me/JKStruniy,Питер чаты,Питер чаты:91,main,high,,zhk-struny,rbi,sankt-peterburg-leningradskaya-oblast,sankt-peterburg-aglomeratsiya,
SD GROUP,Другой город/регион,Новосибирская область,Новосибирск,,,ЖК  Промышленная 7,SD GROUP,https://t.me/JKPromishlenaya7Jiltsi,https://t.me/JKPromishlenaya7Jiltsi,Новосибирск чаты,Новосибирск чаты:62,main,high,,zhk-promyshlennaya-7,sd-group,novosibirskaya-oblast,novosibirsk,
SG Development,Другой город/регион,Новосибирская область,Новосибирск,,,ЖК АЭРОН,SG Development,https://t.me/JKAeron,https://t.me/JKAeron,Новосибирск чаты,Новосибирск чаты:84,main,high,,zhk-aeron,sg-development,novosibirskaya-oblast,novosibirsk,
SKY GROUP,Другой город/регион,Новосибирская область,Новосибирск,,,ЖК Крымский,SKY GROUP,https://t.me/JKKkrimskyJiltsi,https://t.me/JKKkrimskyJiltsi,Новосибирск чаты,Новосибирск чаты:5,main,high,,zhk-krymskiy,sky-group,novosibirskaya-oblast,novosibirsk,
SKY GROUP,Другой город/регион,Новосибирская область,Новосибирск,,,ЖК Салют,SKY GROUP,https://t.me/JKSalutZh,https://t.me/JKSalutZh,Новосибирск чаты,Новосибирск чаты:67,main,high,,zhk-salyut,sky-group,novosibirskaya-oblast,novosibirsk,
Setl Group,Другой город/регион,Санкт-Петербург / Ленинградская область,Санкт-Петербург / агломерация,,,"ЖК ""Astra Marine на набережной""",Setl Group,https://t.me/JKAstraMarineSosedi,https://t.me/JKAstraMarineSosedi,Питер чаты,Питер чаты:53,main,high,,zhk-astra-marine-na-naberezhnoy,setl-group,sankt-peterburg-leningradskaya-oblast,sankt-peterburg-aglomeratsiya,
Setl Group,Другой город/регион,Санкт-Петербург / Ленинградская область,Санкт-Петербург / агломерация,,,"ЖК ""Univer City""",Setl Group,https://t.me/JKUniverCitySosedi,https://t.me/JKUniverCitySosedi,Питер чаты,Питер чаты:47,main,high,,zhk-univer-city,setl-group,sankt-peterburg-leningradskaya-oblast,sankt-peterburg-aglomeratsiya,
Setl Group,Другой город/регион,Санкт-Петербург / Ленинградская область,Санкт-Петербург / агломерация,,,"ЖК ""Астра Континенталь""",Setl Group,https://t.me/JKAstraKont,https://t.me/JKAstraKont,Питер чаты,Питер чаты:102,main,high,,zhk-astra-kontinental,setl-group,sankt-peterburg-leningradskaya-oblast,sankt-peterburg-aglomeratsiya,
Setl Group,Другой город/регион,Санкт-Петербург / Ленинградская область,Санкт-Петербург / агломерация,,,"ЖК ""Бионика Заповедная""",Setl Group,https://t.me/JKBionikaZapovedn,https://t.me/JKBionikaZapovedn,Питер чаты,Питер чаты:104,main,high,,zhk-bionika-zapovednaya,setl-group,sankt-peterburg-leningradskaya-oblast,sankt-peterburg-aglomeratsiya,
Setl Group,Другой город/регион,Санкт-Петербург / Ленинградская область,Санкт-Петербург / агломерация,,,"ЖК ""Парадный ансамбль""",Setl Group,https://t.me/JKParadniAnsamblSosedi,https://t.me/JKParadniAnsamblSosedi,Питер чаты,Питер чаты:11,main,high,,zhk-paradnyy-ansambl,setl-group,sankt-peterburg-leningradskaya-oblast,sankt-peterburg-aglomeratsiya,
Setl Group,Другой город/регион,Санкт-Петербург / Ленинградская область,Санкт-Петербург / агломерация,,,"ЖК ""Прайм Приморский""",Setl Group,https://t.me/JKPraimPrimorskiSosedi,https://t.me/JKPraimPrimorskiSosedi,Питер чаты,Питер чаты:48,main,high,,zhk-praym-primorskiy,setl-group,sankt-peterburg-leningradskaya-oblast,sankt-peterburg-aglomeratsiya,
Setl Group,Другой город/регион,Санкт-Петербург / Ленинградская область,Санкт-Петербург / агломерация,,,"ЖК ""Сенат в Московском""",Setl Group,https://t.me/JKSenatvMoskovskomSosedi,https://t.me/JKSenatvMoskovskomSosedi,Питер чаты,Питер чаты:16,main,high,,zhk-senat-v-moskovskom,setl-group,sankt-peterburg-leningradskaya-oblast,sankt-peterburg-aglomeratsiya,
Setl Group,Другой город/регион,Санкт-Петербург / Ленинградская область,Санкт-Петербург / агломерация,,,"ЖК ""Титул в Московском""",Setl Group,https://t.me/JKTitulVMosk,https://t.me/JKTitulVMosk,Питер чаты,Питер чаты:97,main,high,,zhk-titul-v-moskovskom,setl-group,sankt-peterburg-leningradskaya-oblast,sankt-peterburg-aglomeratsiya,
Setl Group,Другой город/регион,Санкт-Петербург / Ленинградская область,Санкт-Петербург / агломерация,,,ЖК Imperial Club,Setl Group,https://t.me/JKImpKlub,https://t.me/JKImpKlub,Питер чаты,Питер чаты:108,main,high,,zhk-imperial-club,setl-group,sankt-peterburg-leningradskaya-oblast,sankt-peterburg-aglomeratsiya,
Setl Group,Другой город/регион,Санкт-Петербург / Ленинградская область,Санкт-Петербург / агломерация,,,ЖК Pulse Premier,Setl Group,https://t.me/JKPulsePremierSosedi,https://t.me/JKPulsePremierSosedi,Питер чаты,Питер чаты:13,main,high,,zhk-pulse-premier,setl-group,sankt-peterburg-leningradskaya-oblast,sankt-peterburg-aglomeratsiya,
Setl Group,Другой город/регион,Санкт-Петербург / Ленинградская область,Санкт-Петербург / агломерация,,,ЖК Город Звезд,Setl Group,https://t.me/JKGorodZvezdSosedi,https://t.me/JKGorodZvezdSosedi,Питер чаты,Питер чаты:19,main,high,,zhk-gorod-zvezd,setl-group,sankt-peterburg-leningradskaya-oblast,sankt-peterburg-aglomeratsiya,
Setl Group,Другой город/регион,Санкт-Петербург / Ленинградская область,Санкт-Петербург / агломерация,,,ЖК Дворцовый фасад,Setl Group,https://t.me/JKDvortsovifasadSosedi,https://t.me/JKDvortsovifasadSosedi,Питер чаты,Питер чаты:22,main,high,,zhk-dvortsovyy-fasad,setl-group,sankt-peterburg-leningradskaya-oblast,sankt-peterburg-aglomeratsiya,
Sezar Group,Москва,Москва,Москва,ЗАО,Раменки,ЖК V12,Sezar Group,https://t.me/JKV12Chat,https://t.me/JKV12Chat,Москва чаты,Москва чаты:207,main,high,,zhk-v12,sezar-group,moskva,moskva,ramenki
Sminex,Новая Москва,Москва,Москва,НАО,Московский / Филатов Луг,ЖК Филатов луг,Sminex,https://t.me/ZhKFilatovlugSosedi1,https://t.me/ZhKFilatovlugSosedi1,Москва чаты,Москва чаты:179,main,high,,zhk-filatov-lug,sminex,moskva,moskva,moskovskiy-filatov-lug
Sminex,Москва,Москва,Москва,САО,Войковский,ЖК Injoy,Sminex,https://t.me/JKInjoyChat,https://t.me/JKInjoyChat,Москва чаты,Москва чаты:231,main,high,,zhk-injoy,sminex,moskva,moskva,voykovskiy
Sminex,Москва,Москва,Москва,СВАО,Марфино,ЖК Достижение,Sminex,https://t.me/dostijenieChat,https://t.me/dostijenieChat,"Москва чаты, Сдача по чатам",Москва чаты:33; Сдача по чатам:22,"delivery, main",high,,zhk-dostizhenie,sminex,moskva,moskva,marfino
Sminex,Москва,Москва,Москва,ЦАО,Пресненский,ЖК Life Time,Sminex,https://t.me/JKLifeTime,https://t.me/JKLifeTime,Москва чаты,Москва чаты:168,main,medium,,zhk-life-time,sminex,moskva,moskva,presnenskiy
Sminex,Москва,Москва,Москва,ЦАО,Якиманка,ЖК Лаврушинский,Sminex,https://t.me/ZhKLavrushinskiySosedi,https://t.me/ZhKLavrushinskiySosedi,Москва чаты,Москва чаты:12; Москва чаты:17,main,high,,zhk-lavrushinskiy,sminex,moskva,moskva,yakimanka
Sminex,Московская область,Московская область,Мытищи,,,ЖК Белый Grad,Sminex,https://t.me/BeliGradSob,https://t.me/BeliGradSob,Москва чаты,Москва чаты:204,main,high,,zhk-belyy-grad,sminex,moskovskaya-oblast,mytischi,
Sun Development,Другой город/регион,Санкт-Петербург / Ленинградская область,Санкт-Петербург / агломерация,,,ЖК Monodom ART,Sun Development,https://t.me/JKMonodomArt,https://t.me/JKMonodomArt,Питер чаты,Питер чаты:119,main,high,,zhk-monodom-art,sun-development,sankt-peterburg-leningradskaya-oblast,sankt-peterburg-aglomeratsiya,
TEKTA GROUP,Москва,Москва,Москва,ЮАО,Даниловский,ЖК ERA (ЭРА),TEKTA GROUP,https://t.me/JKEraSo,https://t.me/JKEraSo,Москва чаты,Москва чаты:271,main,medium,,zhk-era-era,tekta-group,moskva,moskva,danilovskiy
TEKTA GROUP,Москва,Москва,Москва,ЮАО,Нагорный,ЖК Twelve,TEKTA GROUP,https://t.me/JKTwelveChat,https://t.me/JKTwelveChat,Москва чаты,Москва чаты:157,main,high,,zhk-twelve,tekta-group,moskva,moskva,nagornyy
TEKTA GROUP,Москва,Москва,Москва,ЮЗАО,Котловка,ЖК Eniteo,TEKTA GROUP,https://t.me/JKEniteo,https://t.me/JKEniteo,Москва чаты,Москва чаты:38,main,high,,zhk-eniteo,tekta-group,moskva,moskva,kotlovka
TEN Девелопмент,Другой город/регион,Свердловская область,Екатеринбург,,,Екатериниский парк,TEN Девелопмент,https://t.me/JKEkatPark,https://t.me/JKEkatPark,Екатеринбург чаты,Екатеринбург чаты:3,main,high,,ekateriniskiy-park,ten-development,sverdlovskaya-oblast,ekaterinburg,
TEN Девелопмент,Другой город/регион,Свердловская область,Екатеринбург,,,Клубный дом инженера Ятеса,TEN Девелопмент,https://t.me/JKKDInYAt,https://t.me/JKKDInYAt,Екатеринбург чаты,Екатеринбург чаты:34,main,high,,klubnyy-dom-inzhenera-yatesa,ten-development,sverdlovskaya-oblast,ekaterinburg,
TETRIS GROUP,Другой город/регион,Свердловская область,Екатеринбург,,,Квартал Моменты на Космонавтов,TETRIS GROUP,https://t.me/JKKvartalMomenti,https://t.me/JKKvartalMomenti,Екатеринбург чаты,Екатеринбург чаты:39,main,high,,kvartal-momenty-na-kosmonavtov,tetris-group,sverdlovskaya-oblast,ekaterinburg,
TOUCH,Москва,Москва,Москва,ЮВАО,Южнопортовый,ЖК Champine,TOUCH,https://t.me/ZhKChampineSosedi,https://t.me/ZhKChampineSosedi,Москва чаты,Москва чаты:13; Москва чаты:18,main,high,,zhk-champine,touch,moskva,moskva,yuzhnoportovyy
UPSIDE DEVELOPMENT,Москва,Москва,Москва,СВАО,Бутырский,ЖК Upside Towers (Апсайд Тауэрс),UPSIDE DEVELOPMENT,https://t.me/JKUpsideTowers,https://t.me/JKUpsideTowers,Москва чаты,Москва чаты:191,main,high,,zhk-upside-towers-apsayd-tauers,upside-development,moskva,moskva,butyrskiy
Unino,Московская область,Московская область,Красногорск,,,ЖК Riga Hills,Unino,https://t.me/JKRigaHillsChat,https://t.me/JKRigaHillsChat,Москва чаты,Москва чаты:127,main,medium,,zhk-riga-hills,unino,moskovskaya-oblast,krasnogorsk,
VEREN GROUP,Другой город/регион,Санкт-Петербург / Ленинградская область,Санкт-Петербург / агломерация,,,ЖК Veren Nort Сертолово,VEREN GROUP,https://t.me/JKVerenNortSertolovoSosedi,https://t.me/JKVerenNortSertolovoSosedi,Питер чаты,Питер чаты:5,main,high,,zhk-veren-nort-sertolovo,veren-group,sankt-peterburg-leningradskaya-oblast,sankt-peterburg-aglomeratsiya,
VOS'HOD,Москва,Москва,Москва,ЦАО,Тверской,ЖК BRUSOV,VOS'HOD,https://t.me/ZhKPRIMEPARKSosedi,https://t.me/ZhKPRIMEPARKSosedi,Москва чаты,Москва чаты:183,main,high,,zhk-brusov,vos-hod,moskva,moskva,tverskoy
WELLBE,Москва,Москва,Москва,ЮВАО,Рязанский,ЖК Wellbe,WELLBE,https://t.me/JKWellbeSob,https://t.me/JKWellbeSob,Москва чаты,Москва чаты:58,main,medium,,zhk-wellbe,wellbe,moskva,moskva,ryazanskiy
А101,Новая Москва,Москва,Москва,НАО,Московский / Внуково,ЖК Родные Кварталы,А101,https://t.me/JKRodnyeKvartaly,https://t.me/JKRodnyeKvartaly,Москва чаты,Москва чаты:187,main,medium,,zhk-rodnye-kvartaly,a101,moskva,moskva,moskovskiy-vnukovo
А101,Новая Москва,Москва,Москва,НАО,Сосенское,ЖК Прокшино,А101,https://t.me/ZhKProkshinoSosedi,https://t.me/ZhKProkshinoSosedi,Москва чаты,Москва чаты:72,main,high,,zhk-prokshino,a101,moskva,moskva,sosenskoe
А101,Новая Москва,Москва,Москва,НАО,Сосенское / Коммунарка,ЖК Скандинавия,А101,https://t.me/ZhKSkandinaviyaSosedi,https://t.me/ZhKSkandinaviyaSosedi,Москва чаты,Москва чаты:84,main,high,,zhk-skandinaviya,a101,moskva,moskva,sosenskoe-kommunarka
А101,Москва,Москва,Москва,САО,Хорошёвский,ЖК Дом на Зорге,А101,https://t.me/JKDomNaZorge,https://t.me/JKDomNaZorge,Москва чаты,Москва чаты:156,main,high,,zhk-dom-na-zorge,a101,moskva,moskva,horoshevskiy
А101,Новая Москва,Москва,Москва,ТАО,Десёновское,ЖК Деснаречье,А101,https://t.me/JKDesnarechieSosedi,https://t.me/JKDesnarechieSosedi,Москва чаты,Москва чаты:152,main,high,,zhk-desnareche,a101,moskva,moskva,desenovskoe
А101,Другой город/регион,Санкт-Петербург / Ленинградская область,Санкт-Петербург / агломерация,,,"ЖК ""А101 Всеволожск""",А101,https://t.me/JKA101VsevolojskSosedi,https://t.me/JKA101VsevolojskSosedi,Питер чаты,Питер чаты:75,main,high,,zhk-a101-vsevolozhsk,a101,sankt-peterburg-leningradskaya-oblast,sankt-peterburg-aglomeratsiya,
А101,Другой город/регион,Санкт-Петербург / Ленинградская область,Санкт-Петербург / агломерация,,,"ЖК ""А101 Лаголово""",А101,https://t.me/JKA101LagolovoSosedi,https://t.me/JKA101LagolovoSosedi,Питер чаты,Питер чаты:71,main,high,,zhk-a101-lagolovo,a101,sankt-peterburg-leningradskaya-oblast,sankt-peterburg-aglomeratsiya,
АКАДЕМИЯ,Другой город/регион,Новосибирская область,Новосибирск,,,ЖК Академия,АКАДЕМИЯ,https://t.me/JKAkademiyaJ,https://t.me/JKAkademiyaJ,Новосибирск чаты,Новосибирск чаты:77,main,high,,zhk-akademiya,akademiia,novosibirskaya-oblast,novosibirsk,
АСД,Другой город/регион,Санкт-Петербург / Ленинградская область,Санкт-Петербург / агломерация,,,"ЖК ""Маленькая Швейцария""",АСД,https://t.me/JKMalenkayaShvetsariaSosedi,https://t.me/JKMalenkayaShvetsariaSosedi,Питер чаты,Питер чаты:134,main,high,,zhk-malenkaya-shveytsariya,asd,sankt-peterburg-leningradskaya-oblast,sankt-peterburg-aglomeratsiya,
Абсолют,Новая Москва,Москва,Москва,НАО,Внуково,ЖК Переделкино Ближнее,Абсолют,https://t.me/ZhKPeredelkinoBlizhneeSosedi,https://t.me/ZhKPeredelkinoBlizhneeSosedi,Москва чаты,Москва чаты:85,main,high,,zhk-peredelkino-blizhnee,absoliut,moskva,moskva,vnukovo
Абсолют,Новая Москва,Москва,Москва,НАО,Московский,ЖК 1 Московский,Абсолют,https://t.me/ZhKPervyyMoskovskiySosedi1,https://t.me/ZhKPervyyMoskovskiySosedi1,Москва чаты,Москва чаты:87,main,high,,zhk-1-moskovskiy,absoliut,moskva,moskva,moskovskiy
Абсолют,Москва,Москва,Москва,ЦАО,Хамовники,ЖК Luzhniki Collection,Абсолют,https://t.me/JKLuzhnikiCollectionSob,https://t.me/JKLuzhnikiCollectionSob,Москва чаты,Москва чаты:226,main,high,,zhk-luzhniki-collection,absoliut,moskva,moskva,hamovniki
Авторы,Другой город/регион,Республика Татарстан,Казань,,,ЖК Авторы на Большой,Авторы,https://t.me/JKAvtorinaBolshoy62Dolchiki,https://t.me/JKAvtorinaBolshoy62Dolchiki,Казань чаты,Казань чаты:16; Казань чаты:87,main,high,,zhk-avtory-na-bolshoy,avtory,respublika-tatarstan,kazan,
Адмирал,Другой город/регион,Республика Татарстан,Казань,,,ЖК Адмирал,Адмирал,https://t.me/JKAdmiralDolchiki,https://t.me/JKAdmiralDolchiki,Казань чаты,Казань чаты:18; Казань чаты:89,main,high,,zhk-admiral,admiral,respublika-tatarstan,kazan,
Ак Барс Дом,Другой город/регион,Республика Татарстан,Казань,,,ЖК Светлая Долина,Ак Барс Дом,https://t.me/JKSvetlayaDolinaDolchiki,https://t.me/JKSvetlayaDolinaDolchiki,Казань чаты,Казань чаты:21; Казань чаты:92,main,high,,zhk-svetlaya-dolina,ak-bars-dom,respublika-tatarstan,kazan,
Ак Таш,Другой город/регион,Республика Татарстан,Казань,,,ЖК Алтын Яр,Ак Таш,https://t.me/JKAltinYarDolchiki,https://t.me/JKAltinYarDolchiki,Казань чаты,Казань чаты:4; Казань чаты:75,main,high,,zhk-altyn-yar,ak-tash,respublika-tatarstan,kazan,
Аквилон,Москва,Москва,Москва,САО,Хорошёвский,ЖК Indi Towers,Аквилон,https://t.me/JKIndiTowersChat,https://t.me/JKIndiTowersChat,Москва чаты,Москва чаты:225,main,medium,,zhk-indi-towers,akvilon,moskva,moskva,horoshevskiy
Аквилон,Москва,Москва,Москва,ЮВАО,Нижегородский,ЖК Аквилон BESIDE 2.0,Аквилон,https://t.me/JKAkvilonBESIDE20Sob,https://t.me/JKAkvilonBESIDE20Sob,Москва чаты,Москва чаты:234,main,high,,zhk-akvilon-beside-2-0,akvilon,moskva,moskva,nizhegorodskiy
Аквилон,Другой город/регион,Санкт-Петербург / Ленинградская область,Санкт-Петербург / агломерация,,,"ЖК ""Аквилон All In 3.0""",Аквилон,https://t.me/JKAvilonAllinn3Sosedi,https://t.me/JKAvilonAllinn3Sosedi,Питер чаты,Питер чаты:82,main,high,,zhk-akvilon-all-in-3-0,akvilon,sankt-peterburg-leningradskaya-oblast,sankt-peterburg-aglomeratsiya,
Аквилон,Другой город/регион,Санкт-Петербург / Ленинградская область,Санкт-Петербург / агломерация,,,"ЖК ""Аквилон Stories""",Аквилон,https://t.me/JKAkvilonStoriesSosedi,https://t.me/JKAkvilonStoriesSosedi,Питер чаты,Питер чаты:56,main,high,,zhk-akvilon-stories,akvilon,sankt-peterburg-leningradskaya-oblast,sankt-peterburg-aglomeratsiya,
Аквилон,Другой город/регион,Санкт-Петербург / Ленинградская область,Санкт-Петербург / агломерация,,,"ЖК ""Аквилон Янино""",Аквилон,https://t.me/JKAkvilonYan,https://t.me/JKAkvilonYan,Питер чаты,Питер чаты:105,main,high,,zhk-akvilon-yanino,akvilon,sankt-peterburg-leningradskaya-oblast,sankt-peterburg-aglomeratsiya,
Аквилон,Другой город/регион,Санкт-Петербург / Ленинградская область,Санкт-Петербург / агломерация,,,ЖК Аквилон Leaves,Аквилон,https://t.me/JKAkkvilonLeavesSosedi,https://t.me/JKAkkvilonLeavesSosedi,Питер чаты,Питер чаты:23,main,high,,zhk-akvilon-leaves,akvilon,sankt-peterburg-leningradskaya-oblast,sankt-peterburg-aglomeratsiya,
Активдевелопмент,Москва,Москва,Москва,СЗАО,Щукино,ЖК Интонация,Активдевелопмент,https://t.me/JKIntonaciya,https://t.me/JKIntonaciya,Москва чаты,Москва чаты:37,main,high,,zhk-intonatsiya,aktivdevelopment,moskva,moskva,schukino
Алгоритм Девелопмент,Другой город/регион,Санкт-Петербург / Ленинградская область,Санкт-Петербург / агломерация,,,"ЖК ""Сертолово парк""",Алгоритм Девелопмент,https://t.me/JKSertolovoparkSosedi,https://t.me/JKSertolovoparkSosedi,Питер чаты,Питер чаты:76,main,high,,zhk-sertolovo-park,algoritm-development,sankt-peterburg-leningradskaya-oblast,sankt-peterburg-aglomeratsiya,
Альпика Групп,Другой город/регион,Краснодарский край,Сочи,,,ЖК OLIVIA,Альпика Групп,https://t.me/JKOLIVIASosedi2,https://t.me/JKOLIVIASosedi2,Сочи чаты,Сочи чаты:9,main,high,,zhk-olivia,al-pika-grupp,krasnodarskiy-kray,sochi,
Альфа,Москва,Москва,Москва,ЮАО,Нагатино-Садовники,ЖК «Первый Нагатинский»,Альфа,https://t.me/JK1YNagatinskiy,https://t.me/JK1YNagatinskiy,Москва чаты,Москва чаты:126,main,high,,zhk-pervyy-nagatinskiy,al-fa,moskva,moskva,nagatino-sadovniki
Альфа Проджект,Московская область,Московская область,Балашиха,,мкр. Гагарина,ЖК Идеал,Альфа Проджект,https://t.me/jkIdealChat,https://t.me/jkIdealChat,Москва чаты,Москва чаты:172,main,high,,zhk-ideal,al-fa-prodzhekt,moskovskaya-oblast,balashiha,mkr-gagarina
Арго-Инвест,Другой город/регион,Санкт-Петербург / Ленинградская область,Санкт-Петербург / агломерация,,,"ЖК ""Кировский посад""",Арго-Инвест,https://t.me/JKKirovskiposadSosedi,https://t.me/JKKirovskiposadSosedi,Питер чаты,Питер чаты:46,main,high,,zhk-kirovskiy-posad,argo-invest,sankt-peterburg-leningradskaya-oblast,sankt-peterburg-aglomeratsiya,
Астон,Другой город/регион,Новосибирская область,Новосибирск,,,ЖК Астон.Геометрия,Астон,https://t.me/JKAstonGeometry,https://t.me/JKAstonGeometry,Новосибирск чаты,Новосибирск чаты:76,main,high,,zhk-aston-geometriya,aston,novosibirskaya-oblast,novosibirsk,
Астон,Другой город/регион,Свердловская область,Екатеринбург,,,Астон. Движение,Астон,https://t.me/JKAstonDvizh,https://t.me/JKAstonDvizh,Екатеринбург чаты,Екатеринбург чаты:19,main,high,,aston-dvizhenie,aston,sverdlovskaya-oblast,ekaterinburg,
Астон,Другой город/регион,Свердловская область,Екатеринбург,,,Астон. Отрадный,Астон,https://t.me/JKAstonOtrad,https://t.me/JKAstonOtrad,Екатеринбург чаты,Екатеринбург чаты:9,main,high,,aston-otradnyy,aston,sverdlovskaya-oblast,ekaterinburg,
Астра,Другой город/регион,Свердловская область,Екатеринбург,,,1:1,Астра,https://t.me/JK11Zhiteli,https://t.me/JK11Zhiteli,Екатеринбург чаты,Екатеринбург чаты:58,main,high,,1-1,astra,sverdlovskaya-oblast,ekaterinburg,
Астра,Другой город/регион,Свердловская область,Екатеринбург,,,Новация,Астра,https://t.me/JKNovaciya,https://t.me/JKNovaciya,Екатеринбург чаты,Екатеринбург чаты:36,main,high,,novatsiya,astra,sverdlovskaya-oblast,ekaterinburg,
Атомстройкомплекс,Другой город/регион,Свердловская область,Екатеринбург,,,Северное сияние,Атомстройкомплекс,https://t.me/JKSevernoesiyanie,https://t.me/JKSevernoesiyanie,Екатеринбург чаты,Екатеринбург чаты:61,main,high,,severnoe-siyanie,atomstroikompleks,sverdlovskaya-oblast,ekaterinburg,
"БОЛОТНАЯ, 9",Москва,Москва,Москва,ЦАО,Якиманка,ЖК Первый на Красном,"БОЛОТНАЯ, 9",https://t.me/ZhKPervyynaKrasnomSosedi,https://t.me/ZhKPervyynaKrasnomSosedi,Москва чаты,Москва чаты:195,main,high,,zhk-pervyy-na-krasnom,bolotnaia-9,moskva,moskva,yakimanka
БРИЗ,Другой город/регион,Республика Татарстан,Казань,,,ЖК Каштан,БРИЗ,https://t.me/JKKashtanDolchiki,https://t.me/JKKashtanDolchiki,Казань чаты,Казань чаты:3; Казань чаты:74,main,high,,zhk-kashtan,briz,respublika-tatarstan,kazan,
БРИЗ,Другой город/регион,Республика Татарстан,Казань,,,ЖК по ул Кул Гали,БРИЗ,https://t.me/JKKulGali10bDolchiki,https://t.me/JKKulGali10bDolchiki,Казань чаты,Казань чаты:19; Казань чаты:90,main,high,,zhk-po-ul-kul-gali,briz,respublika-tatarstan,kazan,
БФА-Девелопмент,Другой город/регион,Санкт-Петербург / Ленинградская область,Санкт-Петербург / агломерация,,,"ЖК ""Огни Залива""",БФА-Девелопмент,https://t.me/JKOgniZalivaS,https://t.me/JKOgniZalivaS,Питер чаты,Питер чаты:100,main,high,,zhk-ogni-zaliva,bfa-development,sankt-peterburg-leningradskaya-oblast,sankt-peterburg-aglomeratsiya,
Балтийская коммерция,Другой город/регион,Санкт-Петербург / Ленинградская область,Санкт-Петербург / агломерация,,,"ЖК ""Квадрия""",Балтийская коммерция,https://t.me/JKKvadriyaSosedi,https://t.me/JKKvadriyaSosedi,Питер чаты,Питер чаты:89,main,high,,zhk-kvadriya,baltiiskaia-kommertsiia,sankt-peterburg-leningradskaya-oblast,sankt-peterburg-aglomeratsiya,
Береговое-Инвест,Другой город/регион,Новосибирская область,Новосибирск,,,ЖК Марсель 2,Береговое-Инвест,https://t.me/JKMarseli2,https://t.me/JKMarseli2,Новосибирск чаты,Новосибирск чаты:107,main,high,,zhk-marsel-2,beregovoe-invest,novosibirskaya-oblast,novosibirsk,
Берзарина 37,Москва,Москва,Москва,СЗАО,Хорошёво-Мнёвники,ЖК «Серебряный бор»,Берзарина 37,https://t.me/JKSerBorS,https://t.me/JKSerBorS,Москва чаты,Москва чаты:239,main,high,,zhk-serebryanyy-bor,berzarina-37,moskva,moskva,horoshevo-mnevniki
Библиосити,Другой город/регион,Новосибирская область,Новосибирск,,,ЖК Авторский квартал,Библиосити,https://t.me/JKAvtorskiykvvartalJiltsi,https://t.me/JKAvtorskiykvvartalJiltsi,Новосибирск чаты,Новосибирск чаты:44,main,high,,zhk-avtorskiy-kvartal,bibliositi,novosibirskaya-oblast,novosibirsk,
Благовещенка,Другой город/регион,Новосибирская область,Новосибирск,,,ЖК Благовещенка,Благовещенка,https://t.me/JKBlagoveschenkaJiiltsi,https://t.me/JKBlagoveschenkaJiiltsi,Новосибирск чаты,Новосибирск чаты:20,main,high,,zhk-blagoveschenka,blagoveshchenka,novosibirskaya-oblast,novosibirsk,
Брусника,Москва,Москва,Москва,ВАО,Метрогородок,ЖК Квартал Метроном,Брусника,https://t.me/JKMetronomChat,https://t.me/JKMetronomChat,Москва чаты,Москва чаты:190,main,high,,zhk-kvartal-metronom,brusnika,moskva,moskva,metrogorodok
Брусника,Москва,Москва,Москва,СВАО,Бутырский,"ЖК Квартал ""МОНС""",Брусника,https://t.me/JKKVMons,https://t.me/JKKVMons,Москва чаты,Москва чаты:250,main,medium,,zhk-kvartal-mons,brusnika,moskva,moskva,butyrskiy
Брусника,Москва,Москва,Москва,ЮАО,Даниловский,ЖК Дом А,Брусника,https://t.me/JKDomAS,https://t.me/JKDomAS,Москва чаты,Москва чаты:257,main,high,,zhk-dom-a,brusnika,moskva,moskva,danilovskiy
Брусника,Москва,Москва,Москва,ЮВАО,Нижегородский,ЖК Квартал Издание,Брусника,https://t.me/JKKvartalIzdanieSob,https://t.me/JKKvartalIzdanieSob,Москва чаты,Москва чаты:248,main,high,,zhk-kvartal-izdanie,brusnika,moskva,moskva,nizhegorodskiy
Брусника,Другой город/регион,Новосибирская область,Новосибирск,,,ЖК Авиатор,Брусника,https://t.me/JKAviatorNovosib,https://t.me/JKAviatorNovosib,Новосибирск чаты,Новосибирск чаты:70,main,high,,zhk-aviator,brusnika,novosibirskaya-oblast,novosibirsk,
Брусника,Другой город/регион,Новосибирская область,Новосибирск,,,ЖК Европейский берег,Брусника,https://t.me/JKEvroBer,https://t.me/JKEvroBer,Новосибирск чаты,Новосибирск чаты:97,main,high,,zhk-evropeyskiy-bereg,brusnika,novosibirskaya-oblast,novosibirsk,
Брусника,Другой город/регион,Новосибирская область,Новосибирск,,,ЖК Мылзавод,Брусника,https://t.me/JKmilzavod,https://t.me/JKmilzavod,Новосибирск чаты,Новосибирск чаты:105,main,high,,zhk-mylzavod,brusnika,novosibirskaya-oblast,novosibirsk,
Брусника,Другой город/регион,Новосибирская область,Новосибирск,,,ЖК На Декабристов,Брусника,https://t.me/JKNaDekabbristovJiltsi,https://t.me/JKNaDekabbristovJiltsi,Новосибирск чаты,Новосибирск чаты:37,main,high,,zhk-na-dekabristov,brusnika,novosibirskaya-oblast,novosibirsk,
ВИРА,Другой город/регион,Новосибирская область,Новосибирск,,,ЖК Горизонт,ВИРА,https://t.me/JKGorizontJiltsi,https://t.me/JKGorizontJiltsi,Новосибирск чаты,Новосибирск чаты:2,main,high,,zhk-gorizont,vira,novosibirskaya-oblast,novosibirsk,
ВИРА,Другой город/регион,Новосибирская область,Новосибирск,,,ЖК Луна,ВИРА,https://t.me/JKLunaJiltsi,https://t.me/JKLunaJiltsi,Новосибирск чаты,Новосибирск чаты:13,main,high,,zhk-luna,vira,novosibirskaya-oblast,novosibirsk,
ВИРА,Другой город/регион,Новосибирская область,Новосибирск,,,ЖК Матрешкин двор,ВИРА,https://t.me/JKMatreshkindvorJiltsi,https://t.me/JKMatreshkindvorJiltsi,Новосибирск чаты,Новосибирск чаты:14,main,high,,zhk-matreshkin-dvor,vira,novosibirskaya-oblast,novosibirsk,
ВИРА,Другой город/регион,Новосибирская область,Новосибирск,,,ЖК Сподвижники,ВИРА,https://t.me/JKspodvijnikiJiltsi,https://t.me/JKspodvijnikiJiltsi,Новосибирск чаты,Новосибирск чаты:60,main,high,,zhk-spodvizhniki,vira,novosibirskaya-oblast,novosibirsk,
ВИРА,Другой город/регион,Новосибирская область,Новосибирск,,,ЖК Цитатум,ВИРА,https://t.me/JKCitatum,https://t.me/JKCitatum,Новосибирск чаты,Новосибирск чаты:87,main,high,,zhk-tsitatum,vira,novosibirskaya-oblast,novosibirsk,
ВИТА,Другой город/регион,Санкт-Петербург / Ленинградская область,Санкт-Петербург / агломерация,,,"ЖК ""Рождественский квартал""",ВИТА,https://t.me/JKRojdestvensiykvartalSosedi,https://t.me/JKRojdestvensiykvartalSosedi,Питер чаты,Питер чаты:54,main,high,,zhk-rozhdestvenskiy-kvartal,vita,sankt-peterburg-leningradskaya-oblast,sankt-peterburg-aglomeratsiya,
ВКД,Другой город/регион,Новосибирская область,Новосибирск,,,ЖК МАКИ,ВКД,https://t.me/JKMAKIJiltsi,https://t.me/JKMAKIJiltsi,Новосибирск чаты,Новосибирск чаты:23,main,high,,zhk-maki,vkd,novosibirskaya-oblast,novosibirsk,
ВнешОптоТорг,Другой город/регион,Краснодарский край,Сочи,,,ЖК Южное море,ВнешОптоТорг,https://t.me/JKYujnoemoreSosedi2,https://t.me/JKYujnoemoreSosedi2,Сочи чаты,Сочи чаты:12,main,high,,zhk-yuzhnoe-more,vneshoptotorg,krasnodarskiy-kray,sochi,
Восток 314,Другой город/регион,Краснодарский край,Сочи,,,ЖК Монреаль Парк,Восток 314,https://t.me/JKMonrealParkSosedi2,https://t.me/JKMonrealParkSosedi2,Сочи чаты,Сочи чаты:15,main,high,,zhk-monreal-park,vostok-314,krasnodarskiy-kray,sochi,
Выбор-Столица,Москва,Москва,Москва,ЮЗАО,Академический,ЖК Академик,Выбор-Столица,https://t.me/JKAkademikTroick,https://t.me/JKAkademikTroick,Москва чаты,Москва чаты:174,main,medium,,zhk-akademik,vybor-stolitsa,moskva,moskva,akademicheskiy
Галс-Девелопмент,Москва,Москва,Москва,ЦАО,Басманный,ЖК Дом 56,Галс-Девелопмент,https://t.me/JKDom56Sobstvenniki,https://t.me/JKDom56Sobstvenniki,Москва чаты,Москва чаты:224,main,medium,,zhk-dom-56,gals-development,moskva,moskva,basmannyy
Галс-Девелопмент,Московская область,Московская область,Одинцовский г.о.,,,ЖК Маслово,Галс-Девелопмент,https://t.me/ZKMaslovoChatSobstvennikv,https://t.me/ZKMaslovoChatSobstvennikv,Москва чаты,Москва чаты:104,main,medium,,zhk-maslovo,gals-development,moskovskaya-oblast,odintsovskiy-g-o,
Главстрой,Москва,Москва,Москва,ЗАО,Филёвский Парк,ЖК Береговой-2,Главстрой,https://t.me/JKBeregovoi2,https://t.me/JKBeregovoi2,Москва чаты,Москва чаты:54,main,high,,zhk-beregovoy-2,glavstroi,moskva,moskva,filevskiy-park
Главстрой,Москва,Москва,Москва,ЮЗАО,Академический,ЖК Новые Академики,Главстрой,https://t.me/jkNoviyeAkademiki,https://t.me/jkNoviyeAkademiki,Москва чаты,Москва чаты:262,main,medium,,zhk-novye-akademiki,glavstroi,moskva,moskva,akademicheskiy
ГрадРиэлт,Другой город/регион,Краснодарский край,Сочи,,,ЖК Тюльпановка,ГрадРиэлт,https://t.me/JKTulpanovkaSosedi2,https://t.me/JKTulpanovkaSosedi2,Сочи чаты,Сочи чаты:10,main,high,,zhk-tyulpanovka,gradrielt,krasnodarskiy-kray,sochi,
Гранель,Москва,Москва,Москва,САО,Западное Дегунино,Тринити-2,Гранель,https://t.me/JKTriniti2Sobstvenniki,https://t.me/JKTriniti2Sobstvenniki,Москва чаты,Москва чаты:3,main,high,,triniti-2,granel,moskva,moskva,zapadnoe-degunino
Гранель,Москва,Москва,Москва,СЗАО,Хорошёво-Мнёвники,ЖК MYPRIORITY Мнёвники,Гранель,https://t.me/JKMYpriorMan,https://t.me/JKMYpriorMan,Москва чаты,Москва чаты:266,main,high,,zhk-mypriority-mnevniki,granel,moskva,moskva,horoshevo-mnevniki
Гранель,Москва,Москва,Москва,ЦАО,Басманный,ЖК MYPRIORITY Басманный,Гранель,https://t.me/ZhKMYPRIORITYBasmannyySosedi,https://t.me/ZhKMYPRIORITYBasmannyySosedi,Москва чаты,Москва чаты:14; Москва чаты:19,main,high,,zhk-mypriority-basmannyy,granel,moskva,moskva,basmannyy
Гранель,Москва,Москва,Москва,ЮАО,Даниловский,ЖК MYPRIORITY PAVELETSKAYA,Гранель,https://t.me/JKMPChat,https://t.me/JKMPChat,Москва чаты,Москва чаты:215,main,high,,zhk-mypriority-paveletskaya,granel,moskva,moskva,danilovskiy
Гранель,Москва,Москва,Москва,ЮАО,Нагатино-Садовники,ЖК BELUCK Коломенское,Гранель,https://t.me/JKBELUCKKolomenskoeSob,https://t.me/JKBELUCKKolomenskoeSob,Москва чаты,Москва чаты:245,main,medium,,zhk-beluck-kolomenskoe,granel,moskva,moskva,nagatino-sadovniki
Гранель,Москва,Москва,Москва,ЮВАО,Южнопортовый,ЖК MYPRIORITY Dubrovka,Гранель,https://t.me/JKMYPRIORITYDubrovka,https://t.me/JKMYPRIORITYDubrovka,"Москва чаты, Сдача по чатам",Москва чаты:29; Сдача по чатам:15,"delivery, main",high,,zhk-mypriority-dubrovka,granel,moskva,moskva,yuzhnoportovyy
Гранель,Московская область,Московская область,Красногорск,,,ЖК Аникеевский,Гранель,https://t.me/SobstvennikiAnikeevskiy,https://t.me/SobstvennikiAnikeevskiy,"Москва чаты, Сдача по чатам",Москва чаты:44; Сдача по чатам:29,"delivery, main",high,,zhk-anikeevskiy,granel,moskovskaya-oblast,krasnogorsk,
Гранель,Московская область,Московская область,Красногорск,,,ЖК Ильинойс,Гранель,https://t.me/JKIlinoiys,https://t.me/JKIlinoiys,Москва чаты,Москва чаты:122,main,high,,zhk-ilinoys,granel,moskovskaya-oblast,krasnogorsk,
Гранель,Московская область,Московская область,Одинцовский г.о.,,Новоивановское,ЖК Инновация,Гранель,https://t.me/JKInnovaciya,https://t.me/JKInnovaciya,Москва чаты,Москва чаты:39,main,high,,zhk-innovatsiya,granel,moskovskaya-oblast,odintsovskiy-g-o,novoivanovskoe
Группа Мета,Другой город/регион,Новосибирская область,Новосибирск,,,ЖК Пульсар,Группа Мета,https://t.me/JKPulsarJ,https://t.me/JKPulsarJ,Новосибирск чаты,Новосибирск чаты:80,main,high,,zhk-pulsar,gruppa-meta,novosibirskaya-oblast,novosibirsk,
Группа Мета,Другой город/регион,Новосибирская область,Новосибирск,,,ЖК Ясный берег,Группа Мета,https://t.me/JKYasniyBereg,https://t.me/JKYasniyBereg,Новосибирск чаты,Новосибирск чаты:115,main,high,,zhk-yasnyy-bereg,gruppa-meta,novosibirskaya-oblast,novosibirsk,
ДОМ,Другой город/регион,Новосибирская область,Новосибирск,,,ЖК Автограф,ДОМ,https://t.me/JKAftograf,https://t.me/JKAftograf,Новосибирск чаты,Новосибирск чаты:110,main,high,,zhk-avtograf,dom,novosibirskaya-oblast,novosibirsk,
ДОНСТРОЙ,Москва,Москва,Москва,СЗАО,Хорошёво-Мнёвники,ЖК ОСТРОВ,ДОНСТРОЙ,https://t.me/ZhKOSTROVSosedi,https://t.me/ZhKOSTROVSosedi,Москва чаты,Москва чаты:86,main,high,,zhk-ostrov,donstroi,moskva,moskva,horoshevo-mnevniki
ДОНСТРОЙ,Москва,Москва,Москва,ЦАО,Замоскворечье,ЖК Татарская 35,ДОНСТРОЙ,https://t.me/JKTatarskaya35S,https://t.me/JKTatarskaya35S,Москва чаты,Москва чаты:264,main,high,,zhk-tatarskaya-35,donstroi,moskva,moskva,zamoskvoreche
ДОНСТРОЙ,Москва,Москва,Москва,ЦАО,Хамовники,ЖК Дом XXII,ДОНСТРОЙ,https://t.me/JKXXIIsob,https://t.me/JKXXIIsob,Москва чаты,Москва чаты:213,main,high,,zhk-dom-xxii,donstroi,moskva,moskva,hamovniki
ДОНСТРОЙ,Москва,Москва,Москва,ЮВАО,Лефортово,ЖК СИМВОЛ,ДОНСТРОЙ,https://t.me/ZhKSIMVOLSosediJK,https://t.me/ZhKSIMVOLSosediJK,Москва чаты,Москва чаты:73,main,high,,zhk-simvol,donstroi,moskva,moskva,lefortovo
ДОХОДНЫЙ ДОМ,Москва,Москва,Москва,ЗАО,Очаково-Матвеевское,ЖК ОМ,ДОХОДНЫЙ ДОМ,https://t.me/ZhKOMSosedi1,https://t.me/ZhKOMSosedi1,Москва чаты,Москва чаты:145,main,high,,zhk-om,dokhodnyi-dom,moskva,moskva,ochakovo-matveevskoe
Дальпитерстрой,Другой город/регион,Санкт-Петербург / Ленинградская область,Санкт-Петербург / агломерация,,,"ЖК ""Алексеевский квартал""",Дальпитерстрой,https://t.me/JKAlekseevskiyKV,https://t.me/JKAlekseevskiyKV,Питер чаты,Питер чаты:107,main,high,,zhk-alekseevskiy-kvartal,dal-piterstroi,sankt-peterburg-leningradskaya-oblast,sankt-peterburg-aglomeratsiya,
Дивногорский,Другой город/регион,Новосибирская область,Новосибирск,,,ЖК Дивногорский 2.0,Дивногорский,https://t.me/JKDivnogorskiy2_0Jiltsi,https://t.me/JKDivnogorskiy2_0Jiltsi,Новосибирск чаты,Новосибирск чаты:52,main,high,,zhk-divnogorskiy-2-0,divnogorskii,novosibirskaya-oblast,novosibirsk,
Дом Солнца,Другой город/регион,Новосибирская область,Новосибирск,,,ЖК Виноград,Дом Солнца,https://t.me/JKVinogradJiltsi,https://t.me/JKVinogradJiltsi,Новосибирск чаты,Новосибирск чаты:24,main,high,,zhk-vinograd,dom-solntsa,novosibirskaya-oblast,novosibirsk,
Дом Солнца,Другой город/регион,Новосибирская область,Новосибирск,,,ЖК Ежевика,Дом Солнца,https://t.me/JKEjevikaJiltsi,https://t.me/JKEjevikaJiltsi,Новосибирск чаты,Новосибирск чаты:4,main,high,,zhk-ezhevika,dom-solntsa,novosibirskaya-oblast,novosibirsk,
Дом на Королева,Другой город/регион,Новосибирская область,Новосибирск,,,ЖК На Королева,Дом на Королева,https://t.me/JKNaKorolevaJiltsi,https://t.me/JKNaKorolevaJiltsi,Новосибирск чаты,Новосибирск чаты:65,main,high,,zhk-na-koroleva,dom-na-koroleva,novosibirskaya-oblast,novosibirsk,
Дом-Строй,Другой город/регион,Новосибирская область,Новосибирск,,,ЖК  Горская Лагуна,Дом-Строй,https://t.me/JKGorskayaLaguna,https://t.me/JKGorskayaLaguna,Новосибирск чаты,Новосибирск чаты:118,main,high,,zhk-gorskaya-laguna,dom-stroi,novosibirskaya-oblast,novosibirsk,
Евроинвест Девелопмент,Другой город/регион,Санкт-Петербург / Ленинградская область,Санкт-Петербург / агломерация,,,"ЖК ""ID Murino II""",Евроинвест Девелопмент,https://t.me/JKIDMurino2Sosedi,https://t.me/JKIDMurino2Sosedi,Питер чаты,Питер чаты:70,main,high,,zhk-id-murino-ii,evroinvest-development,sankt-peterburg-leningradskaya-oblast,sankt-peterburg-aglomeratsiya,
Евроинвест Девелопмент,Другой город/регион,Санкт-Петербург / Ленинградская область,Санкт-Петербург / агломерация,,,"ЖК ""ID Кудрово""",Евроинвест Девелопмент,https://t.me/JKIDKudrovoSosedi,https://t.me/JKIDKudrovoSosedi,Питер чаты,Питер чаты:129,main,high,,zhk-id-kudrovo,evroinvest-development,sankt-peterburg-leningradskaya-oblast,sankt-peterburg-aglomeratsiya,
Евроинвест Девелопмент,Другой город/регион,Санкт-Петербург / Ленинградская область,Санкт-Петербург / агломерация,,,"ЖК ""iD Svetlanovskiy""",Евроинвест Девелопмент,https://t.me/JKiDSvetlanovskiySosedi,https://t.me/JKiDSvetlanovskiySosedi,Питер чаты,Питер чаты:49,main,high,,zhk-id-svetlanovskiy,evroinvest-development,sankt-peterburg-leningradskaya-oblast,sankt-peterburg-aglomeratsiya,
Замберг,Москва,Москва,Москва,ЗАО,Тропарёво-Никулино,ЖК Citimix (Ситимикс),Замберг,https://t.me/JKCitimix,https://t.me/JKCitimix,Москва чаты,Москва чаты:150,main,high,,zhk-citimix-sitimiks,zamberg,moskva,moskva,troparevo-nikulino
Запстрой,Другой город/регион,Санкт-Петербург / Ленинградская область,Санкт-Петербург / агломерация,,,"ЖК ""Ново-Антропшино""",Запстрой,https://t.me/JKNovoAntropshinoSosedi,https://t.me/JKNovoAntropshinoSosedi,Питер чаты,Питер чаты:84,main,high,,zhk-novo-antropshino,zapstroi,sankt-peterburg-leningradskaya-oblast,sankt-peterburg-aglomeratsiya,
ИНГЕОЦЕНТР,Москва,Москва,Москва,ЦАО,Тверской,ЖК Камергер,ИНГЕОЦЕНТР,https://t.me/JKKKamergersob,https://t.me/JKKKamergersob,Москва чаты,Москва чаты:228,main,high,,zhk-kamerger,ingeotsentr,moskva,moskva,tverskoy
Имеретинские Высоты,Другой город/регион,Краснодарский край,Сочи,,,"ЖК МФК ""Имеретинские высоты""",Имеретинские Высоты,https://t.me/JKImperatorskievisotiSosedi2,https://t.me/JKImperatorskievisotiSosedi2,Сочи чаты,Сочи чаты:13,main,high,,zhk-mfk-imeretinskie-vysoty,imeretinskie-vysoty,krasnodarskiy-kray,sochi,
Инвест Групп,Московская область,Московская область,Мытищи,,,ЖК КИТ 2,Инвест Групп,https://t.me/JKKit2,https://t.me/JKKit2,Москва чаты,Москва чаты:136,main,high,,zhk-kit-2,invest-grupp,moskovskaya-oblast,mytischi,
ИнвестСити,Московская область,Московская область,Ленинский г.о.,,Развилка,ЖК Три Квартала,ИнвестСити,https://t.me/jkTriKvartalaChatSobstvennikov,https://t.me/jkTriKvartalaChatSobstvennikov,Москва чаты,Москва чаты:32,main,high,,zhk-tri-kvartala,investsiti,moskovskaya-oblast,leninskiy-g-o,razvilka
ИнтерГрупп,Другой город/регион,Санкт-Петербург / Ленинградская область,Санкт-Петербург / агломерация,,,"ЖК ""Квартал Заречье""",ИнтерГрупп,https://t.me/JKKvartZarech,https://t.me/JKKvartZarech,Питер чаты,Питер чаты:112,main,high,,zhk-kvartal-zareche,intergrupp,sankt-peterburg-leningradskaya-oblast,sankt-peterburg-aglomeratsiya,
КАМЕЯ,Другой город/регион,Новосибирская область,Новосибирск,,,ЖК Рубин,КАМЕЯ,https://t.me/JKRubinJiltsi,https://t.me/JKRubinJiltsi,Новосибирск чаты,Новосибирск чаты:35,main,high,,zhk-rubin,kameia,novosibirskaya-oblast,novosibirsk,
КВС,Другой город/регион,Санкт-Петербург / Ленинградская область,Санкт-Петербург / агломерация,,,"ЖК ""Б15""",КВС,https://t.me/JkB15S,https://t.me/JkB15S,Питер чаты,Питер чаты:95,main,high,,zhk-b15,kvs,sankt-peterburg-leningradskaya-oblast,sankt-peterburg-aglomeratsiya,
КВС,Другой город/регион,Санкт-Петербург / Ленинградская область,Санкт-Петербург / агломерация,,,"ЖК ""Дубровский""",КВС,https://t.me/JKDubrovskiSosedi,https://t.me/JKDubrovskiSosedi,Питер чаты,Питер чаты:38,main,high,,zhk-dubrovskiy,kvs,sankt-peterburg-leningradskaya-oblast,sankt-peterburg-aglomeratsiya,
КВС,Другой город/регион,Санкт-Петербург / Ленинградская область,Санкт-Петербург / агломерация,,,"ЖК ""Ясно.Янино""",КВС,https://t.me/JKYasnoYaninoSosedi,https://t.me/JKYasnoYaninoSosedi,Питер чаты,Питер чаты:25,main,high,,zhk-yasno-yanino,kvs,sankt-peterburg-leningradskaya-oblast,sankt-peterburg-aglomeratsiya,
КВС,Другой город/регион,Санкт-Петербург / Ленинградская область,Санкт-Петербург / агломерация,,,ЖК Любоград,КВС,https://t.me/JKLubogradSosedi,https://t.me/JKLubogradSosedi,Питер чаты,Питер чаты:12,main,high,,zhk-lyubograd,kvs,sankt-peterburg-leningradskaya-oblast,sankt-peterburg-aglomeratsiya,
КВС,Другой город/регион,Санкт-Петербург / Ленинградская область,Санкт-Петербург / агломерация,,,ЖК ЮгТаун. Олимпийские кварталы,КВС,https://t.me/JKUgTownSosedi,t.me/JKUgTownSosedi,Питер чаты,Питер чаты:14,main,high,,zhk-yugtaun-olimpiyskie-kvartaly,kvs,sankt-peterburg-leningradskaya-oblast,sankt-peterburg-aglomeratsiya,
КМС,Другой город/регион,Новосибирская область,Новосибирск,,,ЖК KLUBNIKA Марусино,КМС,https://t.me/JKKLUBNIKAMarusinoJiltsi,https://t.me/JKKLUBNIKAMarusinoJiltsi,Новосибирск чаты,Новосибирск чаты:34,main,high,,zhk-klubnika-marusino,kms,novosibirskaya-oblast,novosibirsk,
КОРОНА,Другой город/регион,Краснодарский край,Сочи,,,ЖК Южный Парк,КОРОНА,https://t.me/JKYujniParkSosedi2,https://t.me/JKYujniParkSosedi2,Сочи чаты,Сочи чаты:4,main,high,,zhk-yuzhnyy-park,korona,krasnodarskiy-kray,sochi,
КОРТРОС,Москва,Москва,Москва,СВАО,Марьина Роща,ЖК TATE,КОРТРОС,https://t.me/JKTATEChat,https://t.me/JKTATEChat,Москва чаты,Москва чаты:235,main,medium,,zhk-tate,kortros,moskva,moskva,marina-roscha
КОРТРОС,Москва,Москва,Москва,СВАО,Останкинский,ЖК I LOVE,КОРТРОС,https://t.me/ZhKILOVESosedi,https://t.me/ZhKILOVESosedi,Москва чаты,Москва чаты:92; Москва чаты:273,main,high,,zhk-i-love,kortros,moskva,moskva,ostankinskiy
КОРТРОС,Другой город/регион,Свердловская область,Екатеринбург,,,Первый Академ,КОРТРОС,https://t.me/JKPerviAkadem,https://t.me/JKPerviAkadem,Екатеринбург чаты,Екатеринбург чаты:2,main,high,,pervyy-akadem,kortros,sverdlovskaya-oblast,ekaterinburg,
КОРТРОС,Другой город/регион,Свердловская область,Екатеринбург,,,Спутник - 1,КОРТРОС,https://t.me/JKSputnik1,https://t.me/JKSputnik1,Екатеринбург чаты,Екатеринбург чаты:4,main,high,,sputnik-1,kortros,sverdlovskaya-oblast,ekaterinburg,
КПД-ГАЗСТРОЙ,Другой город/регион,Новосибирская область,Новосибирск,,,ЖК Тайгинский парк,КПД-ГАЗСТРОЙ,https://t.me/JKTayginskiyparkJiltsi,https://t.me/JKTayginskiyparkJiltsi,Новосибирск чаты,Новосибирск чаты:25,main,high,,zhk-tayginskiy-park,kpd-gazstroi,novosibirskaya-oblast,novosibirsk,
КПД-ГАЗСТРОЙ,Другой город/регион,Новосибирская область,Новосибирск,,,ЖК Чистая Слобода,КПД-ГАЗСТРОЙ,https://t.me/JKChistSlob,https://t.me/JKChistSlob,Новосибирск чаты,Новосибирск чаты:71,main,high,,zhk-chistaya-sloboda,kpd-gazstroi,novosibirskaya-oblast,novosibirsk,
КРОСТ,Москва,Москва,Москва,СВАО,Отрадное,ЖК  Malevich,КРОСТ,https://t.me/ZhKDomMalevichSosedi,https://t.me/ZhKDomMalevichSosedi,Москва чаты,Москва чаты:93,main,high,,zhk-malevich,krost,moskva,moskva,otradnoe
КРОСТ,Москва,Москва,Москва,СЗАО,Хорошёво-Мнёвники,ЖК Кристалл Трилогия,КРОСТ,https://t.me/KristallTrilogiaChat0,https://t.me/KristallTrilogiaChat0,Москва чаты,Москва чаты:2053,main,high,,zhk-kristall-trilogiya,krost,moskva,moskva,horoshevo-mnevniki
КРОСТ,Москва,Москва,Москва,СЗАО,Щукино,ЖК Театральный квартал,КРОСТ,https://t.me/ZhKTeatralnyykvartalSosedi,https://t.me/ZhKTeatralnyykvartalSosedi,Москва чаты,Москва чаты:20,main,high,,zhk-teatralnyy-kvartal,krost,moskva,moskva,schukino
КРОСТ,Другой город/регион,Новосибирская область,Новосибирск,,,ЖК Невский,КРОСТ,https://t.me/JKNevskiyJ,https://t.me/JKNevskiyJ,Новосибирск чаты,Новосибирск чаты:114,main,high,,zhk-nevskiy,krost,novosibirskaya-oblast,novosibirsk,
КапСтрой,Другой город/регион,Санкт-Петербург / Ленинградская область,Санкт-Петербург / агломерация,,,"ЖК ""Малая Финляндия""",КапСтрой,https://t.me/JKMalayaFinlandiaSosedi,https://t.me/JKMalayaFinlandiaSosedi,Питер чаты,Питер чаты:88,main,high,,zhk-malaya-finlyandiya,kapstroi,sankt-peterburg-leningradskaya-oblast,sankt-peterburg-aglomeratsiya,
Ключевой,Другой город/регион,Новосибирская область,Новосибирск,,,ЖК Променад,Ключевой,https://t.me/JKPromenadJiltsi,https://t.me/JKPromenadJiltsi,Новосибирск чаты,Новосибирск чаты:61,main,high,,zhk-promenad,kliuchevoi,novosibirskaya-oblast,novosibirsk,
Комета,Москва,Москва,Москва,ЮВАО,Рязанский,ЖК ПРОСПЕКТ 39,Комета,https://t.me/ZhKPROSPEKT39Sosedi1,https://t.me/ZhKPROSPEKT39Sosedi1,Москва чаты,Москва чаты:137,main,high,,zhk-prospekt-39,kometa,moskva,moskva,ryazanskiy
Концерн Сибирь,Другой город/регион,Новосибирская область,Новосибирск,,,ЖК Радуга Сибири,Концерн Сибирь,https://t.me/JKRadugaSibiriJiltsi,https://t.me/JKRadugaSibiriJiltsi,Новосибирск чаты,Новосибирск чаты:56,main,high,,zhk-raduga-sibiri,kontsern-sibir,novosibirskaya-oblast,novosibirsk,
Краснообск.Монтажспецстрой,Другой город/регион,Новосибирская область,Новосибирск,,,ЖК Гурьевский,Краснообск.Монтажспецстрой,https://t.me/JKGurevsiyJitsi,https://t.me/JKGurevsiyJitsi,Новосибирск чаты,Новосибирск чаты:21,main,high,,zhk-gurevskiy,krasnoobsk-montazhspetsstroi,novosibirskaya-oblast,novosibirsk,
Краснообск.Монтажспецстрой,Другой город/регион,Новосибирская область,Новосибирск,,,ЖК на Писарева,Краснообск.Монтажспецстрой,https://t.me/JKnaPisarevaJiltsi,https://t.me/JKnaPisarevaJiltsi,Новосибирск чаты,Новосибирск чаты:55,main,high,,zhk-na-pisareva,krasnoobsk-montazhspetsstroi,novosibirskaya-oblast,novosibirsk,
Кронасервис,Другой город/регион,Республика Татарстан,Казань,,,ЖК ТРИО,Кронасервис,https://t.me/JKTRIODolchiki,https://t.me/JKTRIODolchiki,Казань чаты,Казань чаты:17; Казань чаты:88,main,high,,zhk-trio,kronaservis,respublika-tatarstan,kazan,
ЛСР,Москва,Москва,Москва,ЗАО,Солнцево,ЖК ЛУЧИ,ЛСР,https://t.me/ZhKLUChISosedi,https://t.me/ZhKLUChISosedi,Москва чаты,Москва чаты:275,main,high,,zhk-luchi,lsr,moskva,moskva,solntsevo
ЛСР,Москва,Москва,Москва,САО,Западное Дегунино,ЖК «Дмитровское Небо»,ЛСР,https://t.me/JKDmitrNeboS,https://t.me/JKDmitrNeboS,Москва чаты,Москва чаты:66,main,high,,zhk-dmitrovskoe-nebo,lsr,moskva,moskva,zapadnoe-degunino
ЛСР,Москва,Москва,Москва,ЦАО,Хамовники,ЖК Le Dome,ЛСР,https://t.me/ZhKLeDomeSosedi,https://t.me/ZhKLeDomeSosedi,Москва чаты,Москва чаты:162,main,high,,zhk-le-dome,lsr,moskva,moskva,hamovniki
ЛСР,Москва,Москва,Москва,ЮАО,Даниловский,ЖК ЗИЛАРТ GRAND,ЛСР,https://t.me/ZhKZILARTGRANDSosedi,https://t.me/ZhKZILARTGRANDSosedi,Москва чаты,Москва чаты:149,main,high,,zhk-zilart-grand,lsr,moskva,moskva,danilovskiy
ЛСР,Москва,Москва,Москва,ЮАО,Москворечье-Сабурово,ЖК WAVE (Вейв),ЛСР,https://t.me/JKWavES,https://t.me/JKWavES,Москва чаты,Москва чаты:180,main,high,,zhk-wave-veyv,lsr,moskva,moskva,moskvoreche-saburovo
ЛСР,Москва,Москва,Москва,ЮАО,Чертаново Центральное,ЖК Parkside (Парксайд),ЛСР,https://t.me/JKParkSideS,https://t.me/JKParkSideS,Москва чаты,Москва чаты:67,main,high,,zhk-parkside-parksayd,lsr,moskva,moskva,chertanovo-tsentralnoe
ЛСР,Москва,Москва,Москва,ЮЗАО,Обручевский,ЖК Обручева 30,ЛСР,https://t.me/JKObrucheva30,https://t.me/JKObrucheva30,Москва чаты,Москва чаты:227,main,high,,zhk-obrucheva-30,lsr,moskva,moskva,obruchevskiy
ЛСР,Другой город/регион,Санкт-Петербург / Ленинградская область,Санкт-Петербург / агломерация,,,"ЖК ""Большая Охта""",ЛСР,https://t.me/JKBolshayaOhtaSosedi,https://t.me/JKBolshayaOhtaSosedi,Питер чаты,Питер чаты:44,main,high,,zhk-bolshaya-ohta,lsr,sankt-peterburg-leningradskaya-oblast,sankt-peterburg-aglomeratsiya,
ЛСР,Другой город/регион,Санкт-Петербург / Ленинградская область,Санкт-Петербург / агломерация,,,"ЖК ""ЛСР. Измайловский""",ЛСР,https://t.me/JKLSRIzmailovskiySosedi,https://t.me/JKLSRIzmailovskiySosedi,Питер чаты,Питер чаты:135,main,high,,zhk-lsr-izmaylovskiy,lsr,sankt-peterburg-leningradskaya-oblast,sankt-peterburg-aglomeratsiya,
ЛСР,Другой город/регион,Санкт-Петербург / Ленинградская область,Санкт-Петербург / агломерация,,,"ЖК ""Морская миля""",ЛСР,https://t.me/JKMoorskayamilyaSosedi,https://t.me/JKMoorskayamilyaSosedi,Питер чаты,Питер чаты:31,main,high,,zhk-morskaya-milya,lsr,sankt-peterburg-leningradskaya-oblast,sankt-peterburg-aglomeratsiya,
ЛСР,Другой город/регион,Санкт-Петербург / Ленинградская область,Санкт-Петербург / агломерация,,,"ЖК ""Морская набережная""",ЛСР,https://t.me/JKMorskayanabejnayaSosedi,https://t.me/JKMorskayanabejnayaSosedi,Питер чаты,Питер чаты:126,main,high,,zhk-morskaya-naberezhnaya,lsr,sankt-peterburg-leningradskaya-oblast,sankt-peterburg-aglomeratsiya,
ЛСР,Другой город/регион,Санкт-Петербург / Ленинградская область,Санкт-Петербург / агломерация,,,"ЖК ""Октябрьская набережная""",ЛСР,https://t.me/JKOktyabrckanaberejnayaSosedi,https://t.me/JKOktyabrckanaberejnayaSosedi,Питер чаты,Питер чаты:42,main,high,,zhk-oktyabrskaya-naberezhnaya,lsr,sankt-peterburg-leningradskaya-oblast,sankt-peterburg-aglomeratsiya,
ЛСР,Другой город/регион,Санкт-Петербург / Ленинградская область,Санкт-Петербург / агломерация,,,"ЖК ""Цивилизация на Неве""",ЛСР,https://t.me/JKTsevizatsiyanaNeveSosedi,https://t.me/JKTsevizatsiyanaNeveSosedi,Питер чаты,Питер чаты:128,main,high,,zhk-tsivilizatsiya-na-neve,lsr,sankt-peterburg-leningradskaya-oblast,sankt-peterburg-aglomeratsiya,
ЛСР,Другой город/регион,Санкт-Петербург / Ленинградская область,Санкт-Петербург / агломерация,,,ЖК Ручьи,ЛСР,https://t.me/JKRuchiSosedi,https://t.me/JKRuchiSosedi,Питер чаты,Питер чаты:15,main,high,,zhk-ruchi,lsr,sankt-peterburg-leningradskaya-oblast,sankt-peterburg-aglomeratsiya,
ЛСР,Другой город/регион,Свердловская область,Екатеринбург,,,Зеленый остров,ЛСР,https://t.me/JKZeleniyOstrov,https://t.me/JKZeleniyOstrov,Екатеринбург чаты,Екатеринбург чаты:42,main,high,,zelenyy-ostrov,lsr,sverdlovskaya-oblast,ekaterinburg,
ЛСР,Другой город/регион,Свердловская область,Екатеринбург,,,Мичуринский,ЛСР,https://t.me/JKMichurinskiy,https://t.me/JKMichurinskiy,Екатеринбург чаты,Екатеринбург чаты:45,main,high,,michurinskiy,lsr,sverdlovskaya-oblast,ekaterinburg,
ЛСР,Другой город/регион,Свердловская область,Екатеринбург,,,Хрустальные ключи,ЛСР,https://t.me/JKXrustLuchi,https://t.me/JKXrustLuchi,Екатеринбург чаты,Екатеринбург чаты:41,main,high,,hrustalnye-klyuchi,lsr,sverdlovskaya-oblast,ekaterinburg,
ЛенРусСтрой,Другой город/регион,Санкт-Петербург / Ленинградская область,Санкт-Петербург / агломерация,,,"ЖК ""ЛесART""",ЛенРусСтрой,https://t.me/JKLesArtSosedi,https://t.me/JKLesArtSosedi,Питер чаты,Питер чаты:33,main,high,,zhk-lesart,lenrusstroi,sankt-peterburg-leningradskaya-oblast,sankt-peterburg-aglomeratsiya,
ЛенСтройГрад,Другой город/регион,Санкт-Петербург / Ленинградская область,Санкт-Петербург / агломерация,,,"ЖК ""Счастье 2""",ЛенСтройГрад,https://t.me/JKSchastie2Sosedi,https://t.me/JKSchastie2Sosedi,Питер чаты,Питер чаты:74,main,high,,zhk-schaste-2,lenstroigrad,sankt-peterburg-leningradskaya-oblast,sankt-peterburg-aglomeratsiya,
Ленстройтрест,Другой город/регион,Санкт-Петербург / Ленинградская область,Санкт-Петербург / агломерация,,,ЖК  Тайм Сквер,Ленстройтрест,https://t.me/JKIQGatfchinaSosedi,https://t.me/JKIQGatfchinaSosedi,Питер чаты,Питер чаты:10,main,high,,zhk-taym-skver,lenstroitrest,sankt-peterburg-leningradskaya-oblast,sankt-peterburg-aglomeratsiya,
Ленстройтрест,Другой город/регион,Санкт-Петербург / Ленинградская область,Санкт-Петербург / агломерация,,,"ЖК ""Янила Форест""",Ленстройтрест,https://t.me/JKYanilaForest,https://t.me/JKYanilaForest,Питер чаты,Питер чаты:115,main,high,,zhk-yanila-forest,lenstroitrest,sankt-peterburg-leningradskaya-oblast,sankt-peterburg-aglomeratsiya,
Лидер Групп,Другой город/регион,Санкт-Петербург / Ленинградская область,Санкт-Петербург / агломерация,,,"ЖК ""AEROCITY CLUB""",Лидер Групп,https://t.me/JKAeroCityClub,https://t.me/JKAeroCityClub,Питер чаты,Питер чаты:114,main,high,,zhk-aerocity-club,lider-grupp,sankt-peterburg-leningradskaya-oblast,sankt-peterburg-aglomeratsiya,
Лидер Групп,Другой город/регион,Санкт-Петербург / Ленинградская область,Санкт-Петербург / агломерация,,,"ЖК ""Дефанс Премиум""",Лидер Групп,https://t.me/JKDefansPremium,https://t.me/JKDefansPremium,Питер чаты,Питер чаты:78,main,high,,zhk-defans-premium,lider-grupp,sankt-peterburg-leningradskaya-oblast,sankt-peterburg-aglomeratsiya,
Лидер Групп,Другой город/регион,Санкт-Петербург / Ленинградская область,Санкт-Петербург / агломерация,,,"ЖК ""Искра Сити""",Лидер Групп,https://t.me/JKIskraSitiSosedi,https://t.me/JKIskraSitiSosedi,Питер чаты,Питер чаты:131,main,high,,zhk-iskra-siti,lider-grupp,sankt-peterburg-leningradskaya-oblast,sankt-peterburg-aglomeratsiya,
Лидер Групп,Другой город/регион,Санкт-Петербург / Ленинградская область,Санкт-Петербург / агломерация,,,"ЖК ""Старлайт""",Лидер Групп,https://t.me/JKStarlaitSosedi,https://t.me/JKStarlaitSosedi,Питер чаты,Питер чаты:130,main,high,,zhk-starlayt,lider-grupp,sankt-peterburg-leningradskaya-oblast,sankt-peterburg-aglomeratsiya,
Лидер Групп,Другой город/регион,Санкт-Петербург / Ленинградская область,Санкт-Петербург / агломерация,,,"ЖК ""Южный форт""",Лидер Групп,https://t.me/JKYuzniyFort,https://t.me/JKYuzniyFort,Питер чаты,Питер чаты:110,main,high,,zhk-yuzhnyy-fort,lider-grupp,sankt-peterburg-leningradskaya-oblast,sankt-peterburg-aglomeratsiya,
Лидер Групп,Другой город/регион,Санкт-Петербург / Ленинградская область,Санкт-Петербург / агломерация,,,ЖК AEROCITY 3,Лидер Групп,https://t.me/JKAEROCITY3Sosedi,https://t.me/JKAEROCITY3Sosedi,Питер чаты,Питер чаты:81,main,high,,zhk-aerocity-3,lider-grupp,sankt-peterburg-leningradskaya-oblast,sankt-peterburg-aglomeratsiya,
МАВИС,Другой город/регион,Санкт-Петербург / Ленинградская область,Санкт-Петербург / агломерация,,,"ЖК ""Авиатор""",МАВИС,https://t.me/JKAviatorSosedi,https://t.me/JKAviatorSosedi,Питер чаты,Питер чаты:125,main,high,,zhk-aviator,mavis,sankt-peterburg-leningradskaya-oblast,sankt-peterburg-aglomeratsiya,
МАВИС,Другой город/регион,Санкт-Петербург / Ленинградская область,Санкт-Петербург / агломерация,,,"ЖК ""Урбанист""",МАВИС,https://t.me/JKUrbanist,https://t.me/JKUrbanist,Питер чаты,Питер чаты:109,main,high,,zhk-urbanist,mavis,sankt-peterburg-leningradskaya-oblast,sankt-peterburg-aglomeratsiya,
МАВИС,Другой город/регион,Санкт-Петербург / Ленинградская область,Санкт-Петербург / агломерация,,,"ЖК ""Фотограф""",МАВИС,https://t.me/JKFotografSosedi,https://t.me/JKFotografSosedi,Питер чаты,Питер чаты:30,main,high,,zhk-fotograf,mavis,sankt-peterburg-leningradskaya-oblast,sankt-peterburg-aglomeratsiya,
МАВИС,Другой город/регион,Санкт-Петербург / Ленинградская область,Санкт-Петербург / агломерация,,,ЖК Графика,МАВИС,https://t.me/JKGrafika,https://t.me/JKGrafika,Питер чаты,Питер чаты:93,main,high,,zhk-grafika,mavis,sankt-peterburg-leningradskaya-oblast,sankt-peterburg-aglomeratsiya,
Мангазея,Москва,Москва,Москва,САО,Левобережный,ЖК «Мангазея на Речном»,Мангазея,https://t.me/JKManNaRechnom,https://t.me/JKManNaRechnom,Москва чаты,Москва чаты:252,main,high,,zhk-mangazeya-na-rechnom,mangazeia,moskva,moskva,levoberezhnyy
Марьино,Новая Москва,Москва,Москва,НАО,Филимонковский / Марьино,ЖК Детали,Марьино,https://t.me/JKDetaliSobstvenniki,https://t.me/JKDetaliSobstvenniki,Москва чаты,Москва чаты:189,main,high,,zhk-detali,mar-ino,moskva,moskva,filimonkovskiy-marino
Мебельщик,Другой город/регион,Краснодарский край,Сочи,,,ЖК Каравелла Португалии,Мебельщик,https://t.me/JKKaravellaPortugaliiSosedi2,https://t.me/JKKaravellaPortugaliiSosedi2,Сочи чаты,Сочи чаты:11,main,high,,zhk-karavella-portugalii,mebel-shchik,krasnodarskiy-kray,sochi,
Меджиком,Москва,Москва,Москва,ЮЗАО,Гагаринский,ЖК Лунар,Меджиком,https://t.me/JKLunarChatsobstvennikov,https://t.me/JKLunarChatsobstvennikov,"Москва чаты, Сдача по чатам",Москва чаты:35; Сдача по чатам:23,"delivery, main",high,,zhk-lunar,medzhikom,moskva,moskva,gagarinskiy
Мера Новосибирск,Другой город/регион,Новосибирская область,Новосибирск,,,ЖК Характер,Мера Новосибирск,https://t.me/JKHarakteerJiltsi,https://t.me/JKHarakteerJiltsi,Новосибирск чаты,Новосибирск чаты:31,main,high,,zhk-harakter,mera-novosibirsk,novosibirskaya-oblast,novosibirsk,
Мичурин,Другой город/регион,Новосибирская область,Новосибирск,,,ЖК Жилой дом Мичурин,Мичурин,https://t.me/JKZhiloyDomMichurin,https://t.me/JKZhiloyDomMichurin,Новосибирск чаты,Новосибирск чаты:86,main,high,,zhk-zhiloy-dom-michurin,michurin,novosibirskaya-oblast,novosibirsk,
НЕОМЕТРИЯ,Другой город/регион,Краснодарский край,Сочи,,,ЖК Лестория,НЕОМЕТРИЯ,https://t.me/JKLestoriyaSosedi2,https://t.me/JKLestoriyaSosedi2,Сочи чаты,Сочи чаты:5,main,high,,zhk-lestoriya,neometriia,krasnodarskiy-kray,sochi,
НЕОМЕТРИЯ,Другой город/регион,Краснодарский край,Сочи,,,ЖК Флора,НЕОМЕТРИЯ,https://t.me/JKFloraSosedi2,https://t.me/JKFloraSosedi2,Сочи чаты,Сочи чаты:7,main,high,,zhk-flora,neometriia,krasnodarskiy-kray,sochi,
НОСТА,Другой город/регион,Краснодарский край,Сочи,,,ЖК Загородный квартал ЛЕСОЧИ,НОСТА,https://t.me/JKZagorodnikvartalLESOCHISosedi2,https://t.me/JKZagorodnikvartalLESOCHISosedi2,Сочи чаты,Сочи чаты:16,main,high,,zhk-zagorodnyy-kvartal-lesochi,nosta,krasnodarskiy-kray,sochi,
НОСТА,Другой город/регион,Краснодарский край,Сочи,,,ЖК Отражение,НОСТА,https://t.me/JKOtrajenieSosedi2,https://t.me/JKOtrajenieSosedi2,Сочи чаты,Сочи чаты:6,main,high,,zhk-otrazhenie,nosta,krasnodarskiy-kray,sochi,
Невская Строительная Компания,Другой город/регион,Санкт-Петербург / Ленинградская область,Санкт-Петербург / агломерация,,,"ЖК ""Аннино сити""",Невская Строительная Компания,https://t.me/JKAnninositySosedi,https://t.me/JKAnninositySosedi,Питер чаты,Питер чаты:67,main,high,,zhk-annino-siti,nevskaia-stroitel-naia-kompaniia,sankt-peterburg-leningradskaya-oblast,sankt-peterburg-aglomeratsiya,
Невская Строительная Компания,Другой город/регион,Санкт-Петербург / Ленинградская область,Санкт-Петербург / агломерация,,,"ЖК ""Верево-Сити""",Невская Строительная Компания,https://t.me/JKVerevoSitiSosedi,https://t.me/JKVerevoSitiSosedi,Питер чаты,Питер чаты:55,main,high,,zhk-verevo-siti,nevskaia-stroitel-naia-kompaniia,sankt-peterburg-leningradskaya-oblast,sankt-peterburg-aglomeratsiya,
Неострой,Москва,Москва,Москва,ЦАО,Красносельский,ЖК Turgenev,Неострой,https://t.me/KDTurgenevChatSobstvennikov,https://t.me/KDTurgenevChatSobstvennikov,Москва чаты,Москва чаты:2051,main,high,,zhk-turgenev,neostroi,moskva,moskva,krasnoselskiy
Новое измерение Мистолово,Другой город/регион,Санкт-Петербург / Ленинградская область,Санкт-Петербург / агломерация,,,"ЖК ""Охтинские высоты""",Новое измерение Мистолово,https://t.me/JKOhtinskievisotiSosedi,https://t.me/JKOhtinskievisotiSosedi,Питер чаты,Питер чаты:127,main,high,,zhk-ohtinskie-vysoty,novoe-izmerenie-mistolovo,sankt-peterburg-leningradskaya-oblast,sankt-peterburg-aglomeratsiya,
Новоселье,Другой город/регион,Санкт-Петербург / Ленинградская область,Санкт-Петербург / агломерация,,,"ЖК ""Новоселье: городские кварталы""",Новоселье,https://t.me/JKGorodskiekvartaliSosedi,https://t.me/JKGorodskiekvartaliSosedi,Питер чаты,Питер чаты:41,main,high,,zhk-novosele-gorodskie-kvartaly,novosel-e,sankt-peterburg-leningradskaya-oblast,sankt-peterburg-aglomeratsiya,
Новый Мир,Другой город/регион,Новосибирская область,Новосибирск,,,ЖК Беринг,Новый Мир,https://t.me/JKBeringJiltsi,https://t.me/JKBeringJiltsi,Новосибирск чаты,Новосибирск чаты:38,main,high,,zhk-bering,novyi-mir,novosibirskaya-oblast,novosibirsk,
Новый Мир,Другой город/регион,Новосибирская область,Новосибирск,,,ЖК ОСКАР,Новый Мир,https://t.me/JKOskarZH,https://t.me/JKOskarZH,Новосибирск чаты,Новосибирск чаты:98,main,high,,zhk-oskar,novyi-mir,novosibirskaya-oblast,novosibirsk,
Ньютон,Другой город/регион,Новосибирская область,Новосибирск,,,ЖК Ньютон,Ньютон,https://t.me/JKNuutonJiltsi,https://t.me/JKNuutonJiltsi,Новосибирск чаты,Новосибирск чаты:10,main,high,,zhk-nyuton,n-iuton,novosibirskaya-oblast,novosibirsk,
ОЛМА,Другой город/регион,Новосибирская область,Новосибирск,,,ЖК Комета Октябрьский,ОЛМА,https://t.me/JKKometaOktyyabrskiyJiltsi,https://t.me/JKKometaOktyyabrskiyJiltsi,Новосибирск чаты,Новосибирск чаты:50,main,high,,zhk-kometa-oktyabrskiy,olma,novosibirskaya-oblast,novosibirsk,
ОЛМА,Другой город/регион,Новосибирская область,Новосибирск,,,ЖК Пролетарский,ОЛМА,https://t.me/JKProletarskiyJiltsi,https://t.me/JKProletarskiyJiltsi,Новосибирск чаты,Новосибирск чаты:51,main,high,,zhk-proletarskiy,olma,novosibirskaya-oblast,novosibirsk,
Оловозаводская,Другой город/регион,Новосибирская область,Новосибирск,,,ЖК Черемушки на Приморской,Оловозаводская,https://t.me/JKCheremushkinaPrimorskoyJiltsi,https://t.me/JKCheremushkinaPrimorskoyJiltsi,Новосибирск чаты,Новосибирск чаты:66,main,high,,zhk-cheremushki-na-primorskoy,olovozavodskaia,novosibirskaya-oblast,novosibirsk,
Оптимисты,Другой город/регион,Новосибирская область,Новосибирск,,,ЖК Оптимисты,Оптимисты,https://t.me/JKOptimistiJiltsi,https://t.me/JKOptimistiJiltsi,Новосибирск чаты,Новосибирск чаты:36,main,high,,zhk-optimisty,optimisty,novosibirskaya-oblast,novosibirsk,
Основа,Москва,Москва,Москва,ВАО,Соколиная Гора,ЖК EvoPark Измайлово,Основа,https://t.me/JKEvoParkIzmailovoS,https://t.me/JKEvoParkIzmailovoS,Москва чаты,Москва чаты:146,main,medium,,zhk-evopark-izmaylovo,osnova,moskva,moskva,sokolinaya-gora
Основа,Москва,Москва,Москва,ВАО,Соколиная Гора,ЖК UNO Соколиная Гора,Основа,https://t.me/JKUNOSokolinaGoraSob,https://t.me/JKUNOSokolinaGoraSob,Москва чаты,Москва чаты:246,main,high,,zhk-uno-sokolinaya-gora,osnova,moskva,moskva,sokolinaya-gora
Основа,Москва,Москва,Москва,ВАО,Сокольники,ЖК EvoPark Сокольники,Основа,https://t.me/JKEvoParkSokolniki,https://t.me/JKEvoParkSokolniki,Москва чаты,Москва чаты:182,main,medium,,zhk-evopark-sokolniki,osnova,moskva,moskva,sokolniki
Основа,Москва,Москва,Москва,САО,Головинский,ЖК UNO Головинские Пруды,Основа,https://t.me/JKUnoGolovinskiePrudiy,https://t.me/JKUnoGolovinskiePrudiy,Москва чаты,Москва чаты:124,main,high,,zhk-uno-golovinskie-prudy,osnova,moskva,moskva,golovinskiy
Основа,Москва,Москва,Москва,САО,Коптево,ЖК Уно Старокоптевский,Основа,https://t.me/ZkUNOStarokoptevskiyChat,https://t.me/ZkUNOStarokoptevskiyChat,Москва чаты,Москва чаты:27,main,high,,zhk-uno-starokoptevskiy,osnova,moskva,moskva,koptevo
Основа,Москва,Москва,Москва,СВАО,Северный,Апарт-комплекс «ФизтехСити,Основа,https://t.me/FizTehS0bstvenniki,@FizTehS0bstvenniki,Москва чаты,Москва чаты:103,main,high,,apart-kompleks-fiztehsiti,osnova,moskva,moskva,severnyy
Основа,Москва,Москва,Москва,СВАО,Ярославский,ЖК Мираполис,Основа,https://t.me/JKMirapolis,https://t.me/JKMirapolis,Москва чаты,Москва чаты:186,main,high,,zhk-mirapolis,osnova,moskva,moskva,yaroslavskiy
Основа,Москва,Москва,Москва,СЗАО,Хорошёво-Мнёвники,ЖК Emotion,Основа,https://t.me/JKEmotion,https://t.me/JKEmotion,Москва чаты,Москва чаты:242,main,high,,zhk-emotion,osnova,moskva,moskva,horoshevo-mnevniki
Основа,Москва,Москва,Москва,ЦАО,Красносельский,ЖК Ред7,Основа,https://t.me/ZkRed7Chatsjbstvennikov,https://t.me/ZkRed7Chatsjbstvennikov,Москва чаты,Москва чаты:41,main,high,,zhk-red7,osnova,moskva,moskva,krasnoselskiy
Основа,Москва,Москва,Москва,ЮЗАО,Черёмушки,ЖК NAMETKIN TOWER,Основа,https://t.me/JKNametkinTower,https://t.me/JKNametkinTower,Москва чаты,Москва чаты:147,main,high,,zhk-nametkin-tower,osnova,moskva,moskva,cheremushki
Охта Групп,Другой город/регион,Санкт-Петербург / Ленинградская область,Санкт-Петербург / агломерация,,,"ЖК ""Экография""",Охта Групп,https://t.me/JKEkoGrafia,https://t.me/JKEkoGrafia,Питер чаты,Питер чаты:101,main,high,,zhk-ekografiya,okhta-grupp,sankt-peterburg-leningradskaya-oblast,sankt-peterburg-aglomeratsiya,
Охтинский,Другой город/регион,Санкт-Петербург / Ленинградская область,Санкт-Петербург / агломерация,,,ЖК Левитан,Охтинский,https://t.me/JKLevitanSosedii,https://t.me/JKLevitanSosedii,Питер чаты,Питер чаты:77,main,high,,zhk-levitan,okhtinskii,sankt-peterburg-leningradskaya-oblast,sankt-peterburg-aglomeratsiya,
ПИК,Москва,Москва,Москва,ВАО,Богородское,ЖК Яуза Парк,ПИК,https://t.me/JKYauzaParkChat,https://t.me/JKYauzaParkChat,"Москва чаты, Сдача по чатам",Москва чаты:47; Сдача по чатам:32,"delivery, main",high,,zhk-yauza-park,pik,moskva,moskva,bogorodskoe
ПИК,Москва,Москва,Москва,ВАО,Гольяново,ЖК 2-й Иртышский,ПИК,https://t.me/JKDvaIrtishskiy,https://t.me/JKDvaIrtishskiy,Москва чаты,Москва чаты:230,main,high,,zhk-2-y-irtyshskiy,pik,moskva,moskva,golyanovo
ПИК,Москва,Москва,Москва,ВАО,Метрогородок,ЖК Лосиноостровский парк,ПИК,https://t.me/jklosinoostrovskiyparkchat,https://t.me/jklosinoostrovskiyparkchat,"Москва чаты, Сдача по чатам",Москва чаты:267; Сдача по чатам:25,"delivery, main",high,,zhk-losinoostrovskiy-park,pik,moskva,moskva,metrogorodok
ПИК,Москва,Москва,Москва,ВАО,Метрогородок,ЖК Открытый Парк,ПИК,https://t.me/JKOtkriytiyParkChat,https://t.me/JKOtkriytiyParkChat,"Москва чаты, Сдача по чатам",Москва чаты:118; Сдача по чатам:41,"delivery, main",high,,zhk-otkrytyy-park,pik,moskva,moskva,metrogorodok
ПИК,Москва,Москва,Москва,ВАО,Перово,Плеханова 11,ПИК,https://t.me/JKPlehanova11,https://t.me/JKPlehanova11,Москва чаты,Москва чаты:188,main,high,,plehanova-11,pik,moskva,moskva,perovo
ПИК,Москва,Москва,Москва,ЗАО,Кунцево,ЖК «Академика Павлова»,ПИК,https://t.me/zhkakademikapavlova,https://t.me/zhkakademikapavlova,Москва чаты,Москва чаты:7,main,high,,zhk-akademika-pavlova,pik,moskva,moskva,kuntsevo
ПИК,Москва,Москва,Москва,ЗАО,Можайский,ЖК Кутузовский квартал,ПИК,https://t.me/JKKutuzovskiyKvartalChat,https://t.me/JKKutuzovskiyKvartalChat,Москва чаты,Москва чаты:167,main,medium,,zhk-kutuzovskiy-kvartal,pik,moskva,moskva,mozhayskiy
ПИК,Москва,Москва,Москва,ЗАО,Можайский,ЖК Среда на Кутузовском,ПИК,https://t.me/JKSredaNaK,https://t.me/JKSredaNaK,Москва чаты,Москва чаты:260,main,high,,zhk-sreda-na-kutuzovskom,pik,moskva,moskva,mozhayskiy
ПИК,Москва,Москва,Москва,ЗАО,Очаково-Матвеевское,ЖК Vangarden,ПИК,https://t.me/JKVangardenChat,https://t.me/JKVangardenChat,Москва чаты,Москва чаты:112,main,medium,,zhk-vangarden,pik,moskva,moskva,ochakovo-matveevskoe
ПИК,Москва,Москва,Москва,ЗАО,Очаково-Матвеевское,ЖК Матвеевский парк,ПИК,https://t.me/JKMatveevskiyPark,https://t.me/JKMatveevskiyPark,"Москва чаты, Сдача по чатам",Москва чаты:236; Сдача по чатам:5,"delivery, main",high,,zhk-matveevskiy-park,pik,moskva,moskva,ochakovo-matveevskoe
ПИК,Москва,Москва,Москва,ЗАО,Очаково-Матвеевское,ЖК Новое Очаково,ПИК,https://t.me/JKNovOchakovo,https://t.me/JKNovOchakovo,"Москва чаты, Сдача по чатам",Москва чаты:117; Сдача по чатам:40,"delivery, main",high,,zhk-novoe-ochakovo,pik,moskva,moskva,ochakovo-matveevskoe
ПИК,Москва,Москва,Москва,ЗАО,Раменки,ЖК «Среда на Лобачевского»,ПИК,https://t.me/JKSredanaLobachevskogoSob,https://t.me/JKSredanaLobachevskogoSob,Москва чаты,Москва чаты:237,main,medium,,zhk-sreda-na-lobachevskogo,pik,moskva,moskva,ramenki
ПИК,Москва,Москва,Москва,ЗАО,Филёвский Парк,ЖК «Барклая 6»,ПИК,https://t.me/zhkbarclay6,t.me/zhkbarclay6,Москва чаты,Москва чаты:31,main,high,,zhk-barklaya-6,pik,moskva,moskva,filevskiy-park
ПИК,Москва,Москва,Москва,ЗелАО,Зеленоград,ЖК Зелёный Парк,ПИК,https://t.me/JKZeleniyParkChat,https://t.me/JKZeleniyParkChat,Москва чаты,Москва чаты:185,main,high,,zhk-zelenyy-park,pik,moskva,moskva,zelenograd
ПИК,Новая Москва,Москва,Москва,НАО,Московский / Саларьево,ЖК Саларьево парк,ПИК,https://t.me/ZhKSalarevoparkSosediJK,https://t.me/ZhKSalarevoparkSosediJK,Москва чаты,Москва чаты:70,main,high,,zhk-salarevo-park,pik,moskva,moskva,moskovskiy-salarevo
ПИК,Москва,Москва,Москва,САО,Головинский,ЖК Кронштадтский 14,ПИК,https://t.me/Kronshtadtskiyyy14,https://t.me/Kronshtadtskiyyy14,Москва чаты,Москва чаты:4,main,high,,zhk-kronshtadtskiy-14,pik,moskva,moskva,golovinskiy
ПИК,Москва,Москва,Москва,САО,Головинский,ЖК Кронштадтский 9,ПИК,https://t.me/Kronshtadskiyyy9,https://t.me/Kronshtadskiyyy9,Москва чаты,Москва чаты:244,main,high,,zhk-kronshtadtskiy-9,pik,moskva,moskva,golovinskiy
ПИК,Москва,Москва,Москва,САО,Дмитровский,ЖК «Дмитровский парк»,ПИК,https://t.me/jkdmitrovskiipark,@jkdmitrovskiipark,Москва чаты,Москва чаты:102,main,high,,zhk-dmitrovskiy-park,pik,moskva,moskva,dmitrovskiy
ПИК,Москва,Москва,Москва,САО,Тимирязевский,ЖК Большая Академическая 85,ПИК,https://t.me/zhk_bolshaya_akademicheskaya85,@zhk_bolshaya_akademicheskaya85,Москва чаты,Москва чаты:129,main,high,,zhk-bolshaya-akademicheskaya-85,pik,moskva,moskva,timiryazevskiy
ПИК,Москва,Москва,Москва,СВАО,Бутырский,Руставели 14,ПИК,https://t.me/JKRustaveli14,https://t.me/JKRustaveli14,"Москва чаты, Сдача по чатам",Москва чаты:42; Сдача по чатам:26,"delivery, main",high,,rustaveli-14,pik,moskva,moskva,butyrskiy
ПИК,Москва,Москва,Москва,СВАО,Отрадное,ЖК Алтуфьевское 53,ПИК,https://t.me/JKAltufievskoe53Chat,https://t.me/JKAltufievskoe53Chat,"Москва чаты, Сдача по чатам",Москва чаты:270; Сдача по чатам:12,"delivery, main",medium,,zhk-altufevskoe-53,pik,moskva,moskva,otradnoe
ПИК,Москва,Москва,Москва,СВАО,Свиблово,ЖК «Кольская 8»,ПИК,https://t.me/Kolskaya8ChatSobstennikI,@Kolskaya8ChatSobstennikI,Москва чаты,Москва чаты:11,main,high,,zhk-kolskaya-8,pik,moskva,moskva,sviblovo
ПИК,Москва,Москва,Москва,СВАО,Северное Медведково,ЖК Полар,ПИК,https://t.me/JKPolarS,https://t.me/JKPolarS,Москва чаты,Москва чаты:128,main,high,,zhk-polar,pik,moskva,moskva,severnoe-medvedkovo
ПИК,Москва,Москва,Москва,СЗАО,Митино,ЖК Митинский лес,ПИК,https://t.me/ZhKMitinskiylesSosedi,https://t.me/ZhKMitinskiylesSosedi,Москва чаты,Москва чаты:71,main,high,,zhk-mitinskiy-les,pik,moskva,moskva,mitino
ПИК,Москва,Москва,Москва,ЦАО,Хамовники,ЖК ANNABELS,ПИК,https://t.me/JKANNABELS,https://t.me/JKANNABELS,Москва чаты,Москва чаты:57,main,high,,zhk-annabels,pik,moskva,moskva,hamovniki
ПИК,Москва,Москва,Москва,ЮАО,Москворечье-Сабурово,ЖК Москворечье,ПИК,https://t.me/JKMoskvoreche,https://t.me/JKMoskvoreche,Москва чаты,Москва чаты:261,main,medium,,zhk-moskvoreche,pik,moskva,moskva,moskvoreche-saburovo
ПИК,Москва,Москва,Москва,ЮАО,Царицыно,Кавказский бульвар,ПИК,https://t.me/JKKavkazskiyBulvar51Chat,https://t.me/JKKavkazskiyBulvar51Chat,"Москва чаты, Сдача по чатам",Москва чаты:43; Сдача по чатам:27,"delivery, main",high,,kavkazskiy-bulvar,pik,moskva,moskva,tsaritsyno
ПИК,Москва,Москва,Москва,ЮАО,Чертаново Южное,ЖК Ютаново,ПИК,https://t.me/JKUtanovoChat,https://t.me/JKUtanovoChat,"Москва чаты, Сдача по чатам",Москва чаты:22; Сдача по чатам:9,"delivery, main",high,,zhk-yutanovo,pik,moskva,moskva,chertanovo-yuzhnoe
ПИК,Москва,Москва,Москва,ЮВАО,Люблино,ЖК Люблинский парк,ПИК,https://t.me/ZhKLyublinskiyparkSosedi,https://t.me/ZhKLyublinskiyparkSosedi,Москва чаты,Москва чаты:138,main,high,,zhk-lyublinskiy-park,pik,moskva,moskva,lyublino
ПИК,Москва,Москва,Москва,ЮВАО,Южнопортовый,ЖК Первый Дубровский,ПИК,https://t.me/JKPerviyDubrovskiyChat,https://t.me/JKPerviyDubrovskiyChat,"Москва чаты, Сдача по чатам",Москва чаты:26; Сдача по чатам:11,"delivery, main",high,,zhk-pervyy-dubrovskiy,pik,moskva,moskva,yuzhnoportovyy
ПИК,Москва,Москва,Москва,ЮЗАО,Южное Бутово,ЖК Никольские луга,ПИК,https://t.me/JKNikolLuga,https://t.me/JKNikolLuga,Москва чаты,Москва чаты:192,main,high,,zhk-nikolskie-luga,pik,moskva,moskva,yuzhnoe-butovo
ПИК,Москва,Москва,Москва,ЮЗАО,Южное Бутово,Юнино,ПИК,https://t.me/JKUninoChat,https://t.me/JKUninoChat,"Москва чаты, Сдача по чатам",Москва чаты:200; Сдача по чатам:39,"delivery, main",high,,yunino,pik,moskva,moskva,yuzhnoe-butovo
ПИК,Московская область,Московская область,Ленинский г.о.,,Дрожжино,ЖК Бутово парк 2,ПИК,https://t.me/DolButovoPark2,@DolButovoPark2,Москва чаты,Москва чаты:2,main,high,,zhk-butovo-park-2,pik,moskovskaya-oblast,leninskiy-g-o,drozhzhino
ПИК,Московская область,Московская область,Люберцы / Томилино,,,ЖК Томилинский Бульвар,ПИК,https://t.me/JKTomilinskiyBulvarChat,https://t.me/JKTomilinskiyBulvarChat,Москва чаты,Москва чаты:169,main,high,,zhk-tomilinskiy-bulvar,pik,moskovskaya-oblast,lyubertsy-tomilino,
ПИК,Московская область,Московская область,Мытищи,,,ЖК Ярославский Квартал,ПИК,https://t.me/JKYaroslavskiyKvartalChat,https://t.me/JKYaroslavskiyKvartalChat,"Москва чаты, Сдача по чатам",Москва чаты:48; Сдача по чатам:33,"delivery, main",high,,zhk-yaroslavskiy-kvartal,pik,moskovskaya-oblast,mytischi,
ПИК,Московская область,Московская область,Химки,,Левобережный,ЖК  Левобережный,ПИК,https://t.me/ZhKBolshayaNikitskaya16Sosedi,https://t.me/ZhKBolshayaNikitskaya16Sosedi,Москва чаты,Москва чаты:5,main,medium,,zhk-levoberezhnyy,pik,moskovskaya-oblast,himki,levoberezhnyy
ПИК,Московская область,Московская область,Химки,,Левобережный,ЖК Левобережный,ПИК,https://t.me/ZhKMoskvaRayonLevoberezhnyySosedi,https://t.me/ZhKMoskvaRayonLevoberezhnyySosedi,Москва чаты,Москва чаты:16,main,medium,,zhk-levoberezhnyy,pik,moskovskaya-oblast,himki,levoberezhnyy
ПИК,Другой город/регион,Санкт-Петербург / Ленинградская область,Санкт-Петербург / агломерация,,,"Апартаменты ""Вольта""",ПИК,https://t.me/ApartamentiVoltaSosedi,https://t.me/ApartamentiVoltaSosedi,Питер чаты,Питер чаты:62,main,high,,apartamenty-volta,pik,sankt-peterburg-leningradskaya-oblast,sankt-peterburg-aglomeratsiya,
ПИК,Другой город/регион,Санкт-Петербург / Ленинградская область,Санкт-Петербург / агломерация,,,"ЖК ""Аэронавт""",ПИК,https://t.me/JKAeronavtSosedi,https://t.me/JKAeronavtSosedi,Питер чаты,Питер чаты:59,main,high,,zhk-aeronavt,pik,sankt-peterburg-leningradskaya-oblast,sankt-peterburg-aglomeratsiya,
ПИК,Другой город/регион,Санкт-Петербург / Ленинградская область,Санкт-Петербург / агломерация,,,"ЖК ""Витебский парк""",ПИК,https://t.me/JKVitebckiparkSosedi,https://t.me/JKVitebckiparkSosedi,Питер чаты,Питер чаты:34,main,high,,zhk-vitebskiy-park,pik,sankt-peterburg-leningradskaya-oblast,sankt-peterburg-aglomeratsiya,
ПИК,Другой город/регион,Санкт-Петербург / Ленинградская область,Санкт-Петербург / агломерация,,,"ЖК ""Заречный парк""",ПИК,https://t.me/JKZarechieparkSosedi,https://t.me/JKZarechieparkSosedi,Питер чаты,Питер чаты:28,main,high,,zhk-zarechnyy-park,pik,sankt-peterburg-leningradskaya-oblast,sankt-peterburg-aglomeratsiya,
ПИК,Другой город/регион,Санкт-Петербург / Ленинградская область,Санкт-Петербург / агломерация,,,"ЖК ""Кантемировская, 11""",ПИК,https://t.me/JKKant11,https://t.me/JKKant11,Питер чаты,Питер чаты:94,main,high,,zhk-kantemirovskaya-11,pik,sankt-peterburg-leningradskaya-oblast,sankt-peterburg-aglomeratsiya,
ПИК,Другой город/регион,Санкт-Петербург / Ленинградская область,Санкт-Петербург / агломерация,,,"ЖК ""Лермонтовский 54""",ПИК,https://t.me/JKLermontovski54Sosedi,https://t.me/JKLermontovski54Sosedi,Питер чаты,Питер чаты:43,main,high,,zhk-lermontovskiy-54,pik,sankt-peterburg-leningradskaya-oblast,sankt-peterburg-aglomeratsiya,
ПИК,Другой город/регион,Санкт-Петербург / Ленинградская область,Санкт-Петербург / агломерация,,,"ЖК ""Таллинский парк""",ПИК,https://t.me/JKTallinskiparkSosedi,https://t.me/JKTallinskiparkSosedi,Питер чаты,Питер чаты:29,main,high,,zhk-tallinskiy-park,pik,sankt-peterburg-leningradskaya-oblast,sankt-peterburg-aglomeratsiya,
ПИК,Другой город/регион,Санкт-Петербург / Ленинградская область,Санкт-Петербург / агломерация,,,"ЖК ""Шкиперский 19""",ПИК,https://t.me/JKShkiperskiy19Sosedi,https://t.me/JKShkiperskiy19Sosedi,Питер чаты,Питер чаты:72,main,high,,zhk-shkiperskiy-19,pik,sankt-peterburg-leningradskaya-oblast,sankt-peterburg-aglomeratsiya,
ПИК,Другой город/регион,Санкт-Петербург / Ленинградская область,Санкт-Петербург / агломерация,,,ЖК Янинский Лес,ПИК,https://t.me/JKAninskiLesSosedi,https://t.me/JKAninskiLesSosedi,Питер чаты,Питер чаты:17,main,high,,zhk-yaninskiy-les,pik,sankt-peterburg-leningradskaya-oblast,sankt-peterburg-aglomeratsiya,
ПИК,Другой город/регион,Свердловская область,Екатеринбург,,,Космонавтов 11,ПИК,https://t.me/JKKosmavtov11,https://t.me/JKKosmavtov11,Екатеринбург чаты,Екатеринбург чаты:24,main,high,,kosmonavtov-11,pik,sverdlovskaya-oblast,ekaterinburg,
ПИК,Другой город/регион,Свердловская область,Екатеринбург,,,Утёс,ПИК,https://t.me/JKUtes,https://t.me/JKUtes,Екатеринбург чаты,Екатеринбург чаты:40,main,high,,utes,pik,sverdlovskaya-oblast,ekaterinburg,
ПРОК,Другой город/регион,Санкт-Петербург / Ленинградская область,Санкт-Петербург / агломерация,,,"ЖК ""Стороны света-2""",ПРОК,https://t.me/JKStoronisveta2Sosedi,https://t.me/JKStoronisveta2Sosedi,Питер чаты,Питер чаты:132,main,high,,zhk-storony-sveta-2,prok,sankt-peterburg-leningradskaya-oblast,sankt-peterburg-aglomeratsiya,
ПСК,Другой город/регион,Санкт-Петербург / Ленинградская область,Санкт-Петербург / агломерация,,,"ЖК ""PLUS Пулковский""",ПСК,https://t.me/JKPlusPulkovskiySosedi,https://t.me/JKPlusPulkovskiySosedi,Питер чаты,Питер чаты:51,main,high,,zhk-plus-pulkovskiy,psk,sankt-peterburg-leningradskaya-oblast,sankt-peterburg-aglomeratsiya,
ПСК,Другой город/регион,Санкт-Петербург / Ленинградская область,Санкт-Петербург / агломерация,,,ЖК Respect,ПСК,https://t.me/JKRespectS,https://t.me/JKRespectS,Питер чаты,Питер чаты:96,main,high,,zhk-respect,psk,sankt-peterburg-leningradskaya-oblast,sankt-peterburg-aglomeratsiya,
Первый,Другой город/регион,Новосибирская область,Новосибирск,,,ЖК Актив на Дуси Ковальчук,Первый,https://t.me/JKAktivnaDusiKovalchukJiltsi,https://t.me/JKAktivnaDusiKovalchukJiltsi,Новосибирск чаты,Новосибирск чаты:53,main,high,,zhk-aktiv-na-dusi-kovalchuk,pervyi,novosibirskaya-oblast,novosibirsk,
Первый,Другой город/регион,Новосибирская область,Новосибирск,,,ЖК Новаторы,Первый,https://t.me/JKNovatoriJiltsi,https://t.me/JKNovatoriJiltsi,Новосибирск чаты,Новосибирск чаты:41,main,high,,zhk-novatory,pervyi,novosibirskaya-oblast,novosibirsk,
Первый,Другой город/регион,Новосибирская область,Новосибирск,,,ЖК Основатели,Первый,https://t.me/JKJOsnovateliJiltsi,https://t.me/JKJOsnovateliJiltsi,Новосибирск чаты,Новосибирск чаты:59,main,high,,zhk-osnovateli,pervyi,novosibirskaya-oblast,novosibirsk,
Первый строительный фонд,Другой город/регион,Новосибирская область,Новосибирск,,,ЖК Любимый,Первый строительный фонд,https://t.me/JKLubimiy,https://t.me/JKLubimiy,Новосибирск чаты,Новосибирск чаты:102,main,high,,zhk-lyubimyy,pervyi-stroitel-nyi-fond,novosibirskaya-oblast,novosibirsk,
Первый строительный фонд,Другой город/регион,Новосибирская область,Новосибирск,,,ЖК Одоевский,Первый строительный фонд,https://t.me/JKOdoevsiJiltsi,https://t.me/JKOdoevsiJiltsi,Новосибирск чаты,Новосибирск чаты:3,main,high,,zhk-odoevskiy,pervyi-stroitel-nyi-fond,novosibirskaya-oblast,novosibirsk,
Первый строительный фонд,Другой город/регион,Новосибирская область,Новосибирск,,,ЖК Первый на Есенина,Первый строительный фонд,https://t.me/JKPerviyNaEsenina,https://t.me/JKPerviyNaEsenina,Новосибирск чаты,Новосибирск чаты:96,main,high,,zhk-pervyy-na-esenina,pervyi-stroitel-nyi-fond,novosibirskaya-oblast,novosibirsk,
Первый строительный фонд,Другой город/регион,Новосибирская область,Новосибирск,,,ЖК Первый на Рябиновой,Первый строительный фонд,https://t.me/JK1NaRyabinovoy,https://t.me/JK1NaRyabinovoy,Новосибирск чаты,Новосибирск чаты:95,main,high,,zhk-pervyy-na-ryabinovoy,pervyi-stroitel-nyi-fond,novosibirskaya-oblast,novosibirsk,
Первый строительный фонд,Другой город/регион,Новосибирская область,Новосибирск,,,ЖК Семейный квартал,Первый строительный фонд,https://t.me/JKSemeyniykvartalJiltsi,https://t.me/JKSemeyniykvartalJiltsi,Новосибирск чаты,Новосибирск чаты:64,main,high,,zhk-semeynyy-kvartal,pervyi-stroitel-nyi-fond,novosibirskaya-oblast,novosibirsk,
Первый строительный фонд,Другой город/регион,Новосибирская область,Новосибирск,,,ЖК Скандинавсие кварталы,Первый строительный фонд,https://t.me/JKSkandKvart,https://t.me/JKSkandKvart,Новосибирск чаты,Новосибирск чаты:93,main,high,,zhk-skandinavsie-kvartaly,pervyi-stroitel-nyi-fond,novosibirskaya-oblast,novosibirsk,
Первый строительный фонд,Другой город/регион,Новосибирская область,Новосибирск,,,ЖК Урбан икс,Первый строительный фонд,https://t.me/JKUrbanPeaks,https://t.me/JKUrbanPeaks,Новосибирск чаты,Новосибирск чаты:106,main,high,,zhk-urban-iks,pervyi-stroitel-nyi-fond,novosibirskaya-oblast,novosibirsk,
Первый строительный фонд,Другой город/регион,Новосибирская область,Новосибирск,,,ЖК Флагман Холл,Первый строительный фонд,https://t.me/JKflagmanHollJiltsi,https://t.me/JKflagmanHollJiltsi,Новосибирск чаты,Новосибирск чаты:18,main,high,,zhk-flagman-holl,pervyi-stroitel-nyi-fond,novosibirskaya-oblast,novosibirsk,
Петрострой,Другой город/регион,Санкт-Петербург / Ленинградская область,Санкт-Петербург / агломерация,,,"ЖК ""Чистый Ручей""",Петрострой,https://t.me/JKChistiRucheySosedi,https://t.me/JKChistiRucheySosedi,Питер чаты,Питер чаты:87,main,high,,zhk-chistyy-ruchey,petrostroi,sankt-peterburg-leningradskaya-oblast,sankt-peterburg-aglomeratsiya,
Полис,Другой город/регион,Санкт-Петербург / Ленинградская область,Санкт-Петербург / агломерация,,,"ЖК ""Полис ЛАВрики""",Полис,https://t.me/JKPolisLAVrikiSosedi,https://t.me/JKPolisLAVrikiSosedi,Питер чаты,Питер чаты:35,main,high,,zhk-polis-lavriki,polis,sankt-peterburg-leningradskaya-oblast,sankt-peterburg-aglomeratsiya,
Полис,Другой город/регион,Санкт-Петербург / Ленинградская область,Санкт-Петербург / агломерация,,,"ЖК ""Полис Новоселье""",Полис,https://t.me/JKPolisNovoselieSosedi,https://t.me/JKPolisNovoselieSosedi,Питер чаты,Питер чаты:64,main,high,,zhk-polis-novosele,polis,sankt-peterburg-leningradskaya-oblast,sankt-peterburg-aglomeratsiya,
Практика,Другой город/регион,Свердловская область,Екатеринбург,,,H2O,Практика,https://t.me/JKH2OH,https://t.me/JKH2OH,Екатеринбург чаты,Екатеринбург чаты:31,main,high,,h2o,praktika,sverdlovskaya-oblast,ekaterinburg,
Практика,Другой город/регион,Свердловская область,Екатеринбург,,,Квартал К3,Практика,https://t.me/JKKvartalK3,https://t.me/JKKvartalK3,Екатеринбург чаты,Екатеринбург чаты:51,main,high,,kvartal-k3,praktika,sverdlovskaya-oblast,ekaterinburg,
Прогресс,Москва,Москва,Москва,СЗАО,Хорошёво-Мнёвники,ЖК «Высотка на Жукова»,Прогресс,https://t.me/JKVisotkaNaZhukova,https://t.me/JKVisotkaNaZhukova,Москва чаты,Москва чаты:241,main,high,,zhk-vysotka-na-zhukova,progress,moskva,moskva,horoshevo-mnevniki
Прогресс-32,Другой город/регион,Новосибирская область,Новосибирск,,,ЖК Весна,Прогресс-32,https://t.me/JKVesnaJiltsi,https://t.me/JKVesnaJiltsi,Новосибирск чаты,Новосибирск чаты:22,main,high,,zhk-vesna,progress-32,novosibirskaya-oblast,novosibirsk,
Профи-Инвест,Московская область,Московская область,Пушкино,,,ЖК Фабрикант,Профи-Инвест,https://t.me/JKFabrikantS,https://t.me/JKFabrikantS,Москва чаты,Москва чаты:229,main,high,,zhk-fabrikant,profi-invest,moskovskaya-oblast,pushkino,
РГ-Девелопмент,Москва,Москва,Москва,ВАО,Соколиная Гора,ЖК Семеновский парк-2,РГ-Девелопмент,https://t.me/JKSemenPark2,https://t.me/JKSemenPark2,"Москва чаты, Сдача по чатам",Москва чаты:51; Сдача по чатам:36,"delivery, main",high,,zhk-semenovskiy-park-2,rg-development,moskva,moskva,sokolinaya-gora
РГ-Девелопмент,Москва,Москва,Москва,САО,Аэропорт,ЖК «Петровский парк II»,РГ-Девелопмент,https://t.me/jkpetrovskiyP2,https://t.me/jkpetrovskiyP2,"Москва чаты, Сдача по чатам",Москва чаты:46; Сдача по чатам:31,"delivery, main",medium,,zhk-petrovskiy-park-ii,rg-development,moskva,moskva,aeroport
РГ-Девелопмент,Москва,Москва,Москва,ЮАО,Чертаново Южное,ЖК Варшавские ворота,РГ-Девелопмент,https://t.me/JKVarshVorota,https://t.me/JKVarshVorota,Москва чаты,Москва чаты:131,main,medium,,zhk-varshavskie-vorota,rg-development,moskva,moskva,chertanovo-yuzhnoe
РКС Девелопмент,Москва,Москва,Москва,ЮАО,Даниловский,ЖК INSIDER,РКС Девелопмент,https://t.me/JKInsider,https://t.me/JKInsider,"Москва чаты, Сдача по чатам",Москва чаты:160; Сдача по чатам:19,"delivery, main",high,,zhk-insider,rks-development,moskva,moskva,danilovskiy
РСТИ,Другой город/регион,Санкт-Петербург / Ленинградская область,Санкт-Петербург / агломерация,,,ЖК  БелАрт,РСТИ,https://t.me/JKBelArtSosedi,https://t.me/JKBelArtSosedi,Питер чаты,Питер чаты:3,main,high,,zhk-belart,rsti,sankt-peterburg-leningradskaya-oblast,sankt-peterburg-aglomeratsiya,
РСТИ,Другой город/регион,Санкт-Петербург / Ленинградская область,Санкт-Петербург / агломерация,,,ЖК  Тайм Сквер,РСТИ,https://t.me/JKTimeSkverSosedi,https://t.me/JKTimeSkverSosedi,Питер чаты,Питер чаты:2,main,high,,zhk-taym-skver,rsti,sankt-peterburg-leningradskaya-oblast,sankt-peterburg-aglomeratsiya,
РСТИ,Другой город/регион,Санкт-Петербург / Ленинградская область,Санкт-Петербург / агломерация,,,"ЖК ""Кинопарк""",РСТИ,https://t.me/JKKinopark,https://t.me/JKKinopark,Питер чаты,Питер чаты:117,main,high,,zhk-kinopark,rsti,sankt-peterburg-leningradskaya-oblast,sankt-peterburg-aglomeratsiya,
РСТИ,Другой город/регион,Санкт-Петербург / Ленинградская область,Санкт-Петербург / агломерация,,,ЖК Master Place,РСТИ,https://t.me/JKMasterPlacSosedi,https://t.me/JKMasterPlacSosedi,Питер чаты,Питер чаты:4,main,high,,zhk-master-place,rsti,sankt-peterburg-leningradskaya-oblast,sankt-peterburg-aglomeratsiya,
РСТИ,Другой город/регион,Санкт-Петербург / Ленинградская область,Санкт-Петербург / агломерация,,,ЖК Академик,РСТИ,https://t.me/JKAkademickSosedi,https://t.me/JKAkademickSosedi,Питер чаты,Питер чаты:6,main,high,,zhk-akademik,rsti,sankt-peterburg-leningradskaya-oblast,sankt-peterburg-aglomeratsiya,
РСТИ,Другой город/регион,Санкт-Петербург / Ленинградская область,Санкт-Петербург / агломерация,,,ЖК Лайнеръ,РСТИ,https://t.me/JKLainerSosedi,https://t.me/JKLainerSosedi,Питер чаты,Питер чаты:8,main,high,,zhk-layner,rsti,sankt-peterburg-leningradskaya-oblast,sankt-peterburg-aglomeratsiya,
РУСИЧ,Москва,Москва,Москва,ЮАО,Царицыно,ЖК «Русич Кантемировский»,РУСИЧ,https://t.me/JKRusichKantS,https://t.me/JKRusichKantS,"Москва чаты, Сдача по чатам",Москва чаты:158; Сдача по чатам:18,"delivery, main",medium,,zhk-rusich-kantemirovskiy,rusich,moskva,moskva,tsaritsyno
Расцветай,Другой город/регион,Новосибирская область,Новосибирск,,,ЖК Квартал на Игарской,Расцветай,https://t.me/JKKvartNaIgar,https://t.me/JKKvartNaIgar,Новосибирск чаты,Новосибирск чаты:117,main,high,,zhk-kvartal-na-igarskoy,rastsvetai,novosibirskaya-oblast,novosibirsk,
Расцветай,Другой город/регион,Новосибирская область,Новосибирск,,,ЖК Расцветай на Авиастроителей,Расцветай,https://t.me/JKRasvetaiynaAviastroiteleyJilts,https://t.me/JKRasvetaiynaAviastroiteleyJilts,Новосибирск чаты,Новосибирск чаты:63,main,high,,zhk-rastsvetay-na-aviastroiteley,rastsvetai,novosibirskaya-oblast,novosibirsk,
Расцветай,Другой город/регион,Новосибирская область,Новосибирск,,,ЖК Расцветай на Дуси Ковальчук,Расцветай,https://t.me/JKRasnadk,https://t.me/JKRasnadk,Новосибирск чаты,Новосибирск чаты:75,main,high,,zhk-rastsvetay-na-dusi-kovalchuk,rastsvetai,novosibirskaya-oblast,novosibirsk,
Расцветай,Другой город/регион,Новосибирская область,Новосибирск,,,ЖК Расцветай на Зорге,Расцветай,https://t.me/JKRascvNaZorge,https://t.me/JKRascvNaZorge,Новосибирск чаты,Новосибирск чаты:119,main,high,,zhk-rastsvetay-na-zorge,rastsvetai,novosibirskaya-oblast,novosibirsk,
Расцветай,Другой город/регион,Новосибирская область,Новосибирск,,,ЖК Расцветай на Красном,Расцветай,https://t.me/JKRascvetayNaKrasnom,https://t.me/JKRascvetayNaKrasnom,Новосибирск чаты,Новосибирск чаты:79,main,high,,zhk-rastsvetay-na-krasnom,rastsvetai,novosibirskaya-oblast,novosibirsk,
Расцветай,Другой город/регион,Новосибирская область,Новосибирск,,,ЖК Расцветай на Кропоткина,Расцветай,https://t.me/JKRascvetayNaKropotkina,https://t.me/JKRascvetayNaKropotkina,Новосибирск чаты,Новосибирск чаты:104,main,high,,zhk-rastsvetay-na-kropotkina,rastsvetai,novosibirskaya-oblast,novosibirsk,
Расцветай,Другой город/регион,Новосибирская область,Новосибирск,,,ЖК Сакура парк,Расцветай,https://t.me/JKSakuraPark,https://t.me/JKSakuraPark,Новосибирск чаты,Новосибирск чаты:92,main,high,,zhk-sakura-park,rastsvetai,novosibirskaya-oblast,novosibirsk,
Расцветай,Другой город/регион,Новосибирская область,Новосибирск,,,ЖК Сосновый бор,Расцветай,https://t.me/JKSosnoviyborJiltsi,https://t.me/JKSosnoviyborJiltsi,Новосибирск чаты,Новосибирск чаты:19,main,high,,zhk-sosnovyy-bor,rastsvetai,novosibirskaya-oblast,novosibirsk,
Расцветай,Другой город/регион,Новосибирская область,Новосибирск,,,ЖК Тайм Парк Апартаменты,Расцветай,https://t.me/JKTaimParkApattamentiJiltsi,https://t.me/JKTaimParkApattamentiJiltsi,Новосибирск чаты,Новосибирск чаты:15,main,high,,zhk-taym-park-apartamenty,rastsvetai,novosibirskaya-oblast,novosibirsk,
Расцветай,Другой город/регион,Новосибирская область,Новосибирск,,,ЖК Цветной бульвар,Расцветай,https://t.me/JKCvetnoiBulvar,https://t.me/JKCvetnoiBulvar,Новосибирск чаты,Новосибирск чаты:108,main,high,,zhk-tsvetnoy-bulvar,rastsvetai,novosibirskaya-oblast,novosibirsk,
Расцветай,Другой город/регион,Санкт-Петербург / Ленинградская область,Санкт-Петербург / агломерация,,,"ЖК ""Расцветай в Янино""",Расцветай,https://t.me/JKRasvetaivYaninoSosedi,https://t.me/JKRasvetaivYaninoSosedi,Питер чаты,Питер чаты:80,main,high,,zhk-rastsvetay-v-yanino,rastsvetai,sankt-peterburg-leningradskaya-oblast,sankt-peterburg-aglomeratsiya,
Реверс,Другой город/регион,Краснодарский край,Сочи,,,Марине Гарден Сочи,Реверс,https://t.me/JKMarineGardenSochiSosedi2,https://t.me/JKMarineGardenSochiSosedi2,Сочи чаты,Сочи чаты:14,main,high,,marine-garden-sochi,revers,krasnodarskiy-kray,sochi,
Регионстрой,Другой город/регион,Новосибирская область,Новосибирск,,,ЖК Серебряный ключ,Регионстрой,https://t.me/JkSerebraniykluchJiltsi,https://t.me/JkSerebraniykluchJiltsi,Новосибирск чаты,Новосибирск чаты:43,main,high,,zhk-serebryanyy-klyuch,regionstroi,novosibirskaya-oblast,novosibirsk,
Регионстрой,Другой город/регион,Новосибирская область,Новосибирск,,,ЖК Столетов,Регионстрой,https://t.me/JKStoletoff,https://t.me/JKStoletoff,Новосибирск чаты,Новосибирск чаты:103,main,high,,zhk-stoletov,regionstroi,novosibirskaya-oblast,novosibirsk,
РимЭлитСтрой,Другой город/регион,Новосибирская область,Новосибирск,,,ЖК Римский квартал,РимЭлитСтрой,https://t.me/JKRimskiykvartalJiltsi,https://t.me/JKRimskiykvartalJiltsi,Новосибирск чаты,Новосибирск чаты:26,main,high,,zhk-rimskiy-kvartal,rimelitstroi,novosibirskaya-oblast,novosibirsk,
Родина,Москва,Москва,Москва,ЗАО,Очаково-Матвеевское,ЖК «Родина Парк»,Родина,https://t.me/JKRodinaParkSob,https://t.me/JKRodinaParkSob,Москва чаты,Москва чаты:210,main,medium,,zhk-rodina-park,rodina,moskva,moskva,ochakovo-matveevskoe
Родина,Москва,Москва,Москва,СВАО,Ростокино,ЖК Союз,Родина,https://t.me/JKSouzChat,https://t.me/JKSouzChat,"Москва чаты, Сдача по чатам",Москва чаты:81; Сдача по чатам:45,"delivery, main",medium,,zhk-soyuz,rodina,moskva,moskva,rostokino
Романтика,Другой город/регион,Санкт-Петербург / Ленинградская область,Санкт-Петербург / агломерация,,,ЖК Ромашки,Романтика,https://t.me/JKRomaskiSosedi,https://t.me/JKRomaskiSosedi,Питер чаты,Питер чаты:20,main,high,,zhk-romashki,romantika,sankt-peterburg-leningradskaya-oblast,sankt-peterburg-aglomeratsiya,
Роснефтегазстрой-Академинвест,Другой город/регион,Новосибирская область,Новосибирск,,,ЖК Квартал на Российской,Роснефтегазстрой-Академинвест,https://t.me/JKJilDompoUlRub,https://t.me/JKJilDompoUlRub,Новосибирск чаты,Новосибирск чаты:90,main,high,,zhk-kvartal-na-rossiyskoy,rosneftegazstroi-akademinvest,novosibirskaya-oblast,novosibirsk,
СД Регион,Другой город/регион,Новосибирская область,Новосибирск,,,ЖК Тайм Сквер,СД Регион,https://t.me/JKTimeSkverJiltsi,https://t.me/JKTimeSkverJiltsi,Новосибирск чаты,Новосибирск чаты:27,main,high,,zhk-taym-skver,sd-region,novosibirskaya-oblast,novosibirsk,
СДС,Другой город/регион,Новосибирская область,Новосибирск,,,ЖК Легендарный Северный,СДС,https://t.me/JKLegendarniySeverniyJiltsi,https://t.me/JKLegendarniySeverniyJiltsi,Новосибирск чаты,Новосибирск чаты:49,main,high,,zhk-legendarnyy-severnyy,sds,novosibirskaya-oblast,novosibirsk,
СКАНДИА,Другой город/регион,Новосибирская область,Новосибирск,,,ЖК Скандиа,СКАНДИА,https://t.me/JKSkandiaJiltsi,https://t.me/JKSkandiaJiltsi,Новосибирск чаты,Новосибирск чаты:48,main,high,,zhk-skandia,skandia,novosibirskaya-oblast,novosibirsk,
СКМ Девелопмент,Другой город/регион,Свердловская область,Екатеринбург,,,Б. 26,СКМ Девелопмент,https://t.me/JKB26Zhuteli,https://t.me/JKB26Zhuteli,Екатеринбург чаты,Екатеринбург чаты:59,main,high,,b-26,skm-development,sverdlovskaya-oblast,ekaterinburg,
СМС Р,Другой город/регион,Новосибирская область,Новосибирск,,,ЖК Биография,СМС Р,https://t.me/JKBiografiya,https://t.me/JKBiografiya,Новосибирск чаты,Новосибирск чаты:68,main,high,,zhk-biografiya,sms-r,novosibirskaya-oblast,novosibirsk,
СМСС,Другой город/регион,Новосибирская область,Новосибирск,,,ЖК Бирюзовая жемчужина 4,СМСС,https://t.me/JKBiruzovayaZhemch,https://t.me/JKBiruzovayaZhemch,Новосибирск чаты,Новосибирск чаты:85,main,high,,zhk-biryuzovaya-zhemchuzhina-4,smss,novosibirskaya-oblast,novosibirsk,
СМСС,Другой город/регион,Новосибирская область,Новосибирск,,,ЖК Звезда,СМСС,https://t.me/JKZvezdaJiltsi,https://t.me/JKZvezdaJiltsi,Новосибирск чаты,Новосибирск чаты:45,main,high,,zhk-zvezda,smss,novosibirskaya-oblast,novosibirsk,
СМСС,Другой город/регион,Новосибирская область,Новосибирск,,,ЖК Пилигрим,СМСС,https://t.me/JKPiligrimJiltsi,https://t.me/JKPiligrimJiltsi,Новосибирск чаты,Новосибирск чаты:11,main,high,,zhk-piligrim,smss,novosibirskaya-oblast,novosibirsk,
СМУ 88,Другой город/регион,Республика Татарстан,Казань,,,ЖК Крыловка парк,СМУ 88,https://t.me/JKKrilovkaparkDolchiki,https://t.me/JKKrilovkaparkDolchiki,Казань чаты,Казань чаты:10; Казань чаты:81,main,high,,zhk-krylovka-park,smu-88,respublika-tatarstan,kazan,
СМУ 88,Другой город/регион,Республика Татарстан,Казань,,,ЖК Яратам,СМУ 88,https://t.me/JKYaratamDolchiki,https://t.me/JKYaratamDolchiki,Казань чаты,Казань чаты:9; Казань чаты:80,main,high,,zhk-yaratam,smu-88,respublika-tatarstan,kazan,
СССР,Другой город/регион,Новосибирская область,Новосибирск,,,ЖК Квартал Тихвинский,СССР,https://t.me/JKKvartalTihvinskiyJiltsi,https://t.me/JKKvartalTihvinskiyJiltsi,Новосибирск чаты,Новосибирск чаты:6,main,high,,zhk-kvartal-tihvinskiy,sssr,novosibirskaya-oblast,novosibirsk,
СТАДИОН СПАРТАК,Москва,Москва,Москва,СЗАО,Покровское-Стрешнево,ЖК Клубный город на реке Primavera,СТАДИОН СПАРТАК,https://t.me/ZhKKlubnyygorodnarekePrimaveraSosedi,https://t.me/ZhKKlubnyygorodnarekePrimaveraSosedi,Москва чаты,Москва чаты:94,main,high,,zhk-klubnyy-gorod-na-reke-primavera,stadion-spartak,moskva,moskva,pokrovskoe-streshnevo
СТРОЙ-ИНТЕГРАЛ,Другой город/регион,Новосибирская область,Новосибирск,,,ЖК Бестужевский бульвар,СТРОЙ-ИНТЕГРАЛ,https://t.me/JKBestujevskiybulvarJiltsi,https://t.me/JKBestujevskiybulvarJiltsi,Новосибирск чаты,Новосибирск чаты:74,main,high,,zhk-bestuzhevskiy-bulvar,stroi-integral,novosibirskaya-oblast,novosibirsk,
Садовое кольцо,Другой город/регион,Республика Татарстан,Казань,,,ЖК Savin Premier,Садовое кольцо,https://t.me/JKSavinPremierDolchiki,https://t.me/JKSavinPremierDolchiki,Казань чаты,Казань чаты:14; Казань чаты:85,main,high,,zhk-savin-premier,sadovoe-kol-tso,respublika-tatarstan,kazan,
Самолет,Москва,Москва,Москва,ЗАО,Можайский,ЖК «Сити-комплекс Перец»,Самолет,https://t.me/JKPerecChat,https://t.me/JKPerecChat,Москва чаты,Москва чаты:115,main,medium,,zhk-siti-kompleks-perets,samolet,moskva,moskva,mozhayskiy
Самолет,Москва,Москва,Москва,ЗАО,Можайский,ЖК Верейская 41,Самолет,https://t.me/JKVereiskaya41,https://t.me/JKVereiskaya41,"Москва чаты, Сдача по чатам",Москва чаты:78; Сдача по чатам:42,"delivery, main",high,,zhk-vereyskaya-41,samolet,moskva,moskva,mozhayskiy
Самолет,Москва,Москва,Москва,ЗАО,Раменки,ЖК NOVA (Нова),Самолет,https://t.me/JKNOVASobstvenniki,https://t.me/JKNOVASobstvenniki,Москва чаты,Москва чаты:253,main,medium,,zhk-nova-nova,samolet,moskva,moskva,ramenki
Самолет,Новая Москва,Москва,Москва,НАО,Внуково / Кокошкино,ЖК Новое Внуково,Самолет,https://t.me/ZhKNovoeVnukovoSosedi1,https://t.me/ZhKNovoeVnukovoSosedi1,Москва чаты,Москва чаты:88,main,high,,zhk-novoe-vnukovo,samolet,moskva,moskva,vnukovo-kokoshkino
Самолет,Новая Москва,Москва,Москва,НАО,Московский,ЖК Квартал Западный,Самолет,https://t.me/KvartZapadniy,https://t.me/KvartZapadniy,"Москва чаты, Сдача по чатам",Москва чаты:79; Сдача по чатам:43,"delivery, main",high,,zhk-kvartal-zapadnyy,samolet,moskva,moskva,moskovskiy
Самолет,Новая Москва,Москва,Москва,НАО,Московский / Румянцево,ЖК Квартал Румянцево,Самолет,https://t.me/JKKvartalRumyancevo,https://t.me/JKKvartalRumyancevo,"Москва чаты, Сдача по чатам",Москва чаты:45; Сдача по чатам:30,"delivery, main",high,,zhk-kvartal-rumyantsevo,samolet,moskva,moskva,moskovskiy-rumyantsevo
Самолет,Новая Москва,Москва,Москва,НАО,Мосрентген,Апарт-комплекс «Тропарево Парк - ЖК,Самолет,https://t.me/JKTroparevoPark,https://t.me/JKTroparevoPark,Москва чаты,Москва чаты:105,main,high,,apart-kompleks-troparevo-park-zhk,samolet,moskva,moskva,mosrentgen
Самолет,Новая Москва,Москва,Москва,НАО,Сосенское,ЖК Ольховый Квратал,Самолет,https://t.me/JKOlHKvartal,https://t.me/JKOlHKvartal,Москва чаты,Москва чаты:181,main,medium,,zhk-olhovyy-kvratal,samolet,moskva,moskva,sosenskoe
Самолет,Новая Москва,Москва,Москва,НАО,Филимонковский / Марьино,ЖК Квартал Марьино,Самолет,https://t.me/JKKvartMariyno,https://t.me/JKKvartMariyno,"Москва чаты, Сдача по чатам",Москва чаты:77; Сдача по чатам:2,"delivery, main",high,,zhk-kvartal-marino,samolet,moskva,moskva,filimonkovskiy-marino
Самолет,Москва,Москва,Москва,САО,Молжаниновский,ЖК Молжаниново,Самолет,https://t.me/JKMolzhaninovo,https://t.me/JKMolzhaninovo,Москва чаты,Москва чаты:96,main,high,,zhk-molzhaninovo,samolet,moskva,moskva,molzhaninovskiy
Самолет,Москва,Москва,Москва,СВАО,Отрадное,Аквилон Signal,Самолет,https://t.me/JKAkvilonSignal,https://t.me/JKAkvilonSignal,Москва чаты,Москва чаты:206,main,high,,akvilon-signal,samolet,moskva,moskva,otradnoe
Самолет,Москва,Москва,Москва,СЗАО,Строгино,ЖК Квартал Строгино,Самолет,https://t.me/JKKvartalStroginoSob,https://t.me/JKKvartalStroginoSob,Москва чаты,Москва чаты:171,main,high,,zhk-kvartal-strogino,samolet,moskva,moskva,strogino
Самолет,Москва,Москва,Москва,ЦАО,Басманный,ЖК Интеллигент,Самолет,https://t.me/JKIntelligentSoB,https://t.me/JKIntelligentSoB,Москва чаты,Москва чаты:55,main,high,,zhk-intelligent,samolet,moskva,moskva,basmannyy
Самолет,Москва,Москва,Москва,ЮАО,Донской,ЖК «Октябрьская 98»,Самолет,https://t.me/JKOktyabrskaya89,https://t.me/JKOktyabrskaya89,"Москва чаты, Сдача по чатам",Москва чаты:80; Сдача по чатам:44,"delivery, main",medium,,zhk-oktyabrskaya-98,samolet,moskva,moskva,donskoy
Самолет,Москва,Москва,Москва,ЮВАО,Марьино,ЖК Квартал Домашний,Самолет,https://t.me/JKKvartDomashniy,https://t.me/JKKvartDomashniy,Москва чаты,Москва чаты:151,main,high,,zhk-kvartal-domashniy,samolet,moskva,moskva,marino
Самолет,Москва,Москва,Москва,ЮВАО,Печатники,ЖК Квартал на воде,Самолет,https://t.me/JKKvartalNaVode,https://t.me/JKKvartalNaVode,Москва чаты,Москва чаты:109,main,medium,,zhk-kvartal-na-vode,samolet,moskva,moskva,pechatniki
Самолет,Московская область,Московская область,Балашиха,,,ЖК Квартал Авиаторов,Самолет,https://t.me/JKKvartalAviatorovSobstvenniki,https://t.me/JKKvartalAviatorovSobstvenniki,"Москва чаты, Сдача по чатам",Москва чаты:50; Сдача по чатам:35,"delivery, main",high,,zhk-kvartal-aviatorov,samolet,moskovskaya-oblast,balashiha,
Самолет,Московская область,Московская область,Королёв,,,ЖК Космический Квартал,Самолет,https://t.me/JK_KosmicheskiKvartal,https://t.me/JK_KosmicheskiKvartal,Москва чаты,Москва чаты:258,main,high,,zhk-kosmicheskiy-kvartal,samolet,moskovskaya-oblast,korolev,
Самолет,Московская область,Московская область,Красногорск,,Сабурово,ЖК Квартал Сабурово,Самолет,https://t.me/kvartalsaburovochatsobstvennikov,https://t.me/kvartalsaburovochatsobstvennikov,"Москва чаты, Сдача по чатам",Москва чаты:269; Сдача по чатам:37,"delivery, main",high,,zhk-kvartal-saburovo,samolet,moskovskaya-oblast,krasnogorsk,saburovo
Самолет,Московская область,Московская область,Красногорск/Отрадное,,,ЖК «Пятницкие Луга»,Самолет,https://t.me/jk_pyatnitskie_luga,https://t.me/jk_pyatnitskie_luga,"Москва чаты, Сдача по чатам",Москва чаты:99; Сдача по чатам:21,"delivery, main",medium,,zhk-pyatnitskie-luga,samolet,moskovskaya-oblast,krasnogorsk-otradnoe,
Самолет,Московская область,Московская область,Ленинский г.о.,,Видное,ЖК Квартал Герцена,Самолет,https://t.me/JKKvartalGercenaSobstvenniki,https://t.me/JKKvartalGercenaSobstvenniki,Москва чаты,Москва чаты:205,main,medium,,zhk-kvartal-gertsena,samolet,moskovskaya-oblast,leninskiy-g-o,vidnoe
Самолет,Московская область,Московская область,Ленинский г.о.,,Видное,ЖК Новое Видное,Самолет,https://t.me/JKNovoeVidnoeSob,https://t.me/JKNovoeVidnoeSob,"Москва чаты, Сдача по чатам",Москва чаты:108; Сдача по чатам:13,"delivery, main",high,,zhk-novoe-vidnoe,samolet,moskovskaya-oblast,leninskiy-g-o,vidnoe
Самолет,Московская область,Московская область,Ленинский г.о.,,Мисайлово,ЖК «Пригород Лесное,Самолет,https://t.me/JKPrigorodLesnoe,https://t.me/JKPrigorodLesnoe,Москва чаты,Москва чаты:101,main,high,,zhk-prigorod-lesnoe,samolet,moskovskaya-oblast,leninskiy-g-o,misaylovo
Самолет,Московская область,Московская область,Ленинский г.о.,,,ЖК «Горки Парк»,Самолет,https://t.me/JKGorkiParkSob,https://t.me/JKGorkiParkSob,Москва чаты,Москва чаты:201,main,high,,zhk-gorki-park,samolet,moskovskaya-oblast,leninskiy-g-o,
Самолет,Московская область,Московская область,Ленинский г.о.,,,ЖК «Прибрежный Парк,Самолет,https://t.me/JKPribrezhPark,https://t.me/JKPribrezhPark,Москва чаты,Москва чаты:159,main,high,,zhk-pribrezhnyy-park,samolet,moskovskaya-oblast,leninskiy-g-o,
Самолет,Московская область,Московская область,Ленинский г.о.,,,ЖК Богдановский Лес,Самолет,https://t.me/JkBognovskiyLes,https://t.me/JkBognovskiyLes,"Москва чаты, Сдача по чатам",Москва чаты:49; Сдача по чатам:34,"delivery, main",medium,,zhk-bogdanovskiy-les,samolet,moskovskaya-oblast,leninskiy-g-o,
Самолет,Московская область,Московская область,Люберцы,,,Егорово парк чистый,Самолет,https://t.me/JKEgorovoParkSosedi,https://t.me/JKEgorovoParkSosedi,Москва чаты,Москва чаты:164; Москва чаты:2050,main,high,,egorovo-park-chistyy,samolet,moskovskaya-oblast,lyubertsy,
Самолет,Московская область,Московская область,Мытищи,,,ЖК Долина Яузы,Самолет,https://t.me/JKDolinaYauzi,https://t.me/JKDolinaYauzi,"Москва чаты, Сдача по чатам",Москва чаты:28; Сдача по чатам:14,"delivery, main",medium,,zhk-dolina-yauzy,samolet,moskovskaya-oblast,mytischi,
Самолет,Московская область,Московская область,Одинцовский г.о.,,Заречье,ЖК «Заречье Парк,Самолет,https://t.me/jk_zarechiepark,@jk_zarechiepark,Москва чаты,Москва чаты:114,main,high,,zhk-zareche-park,samolet,moskovskaya-oblast,odintsovskiy-g-o,zareche
Самолет,Московская область,Московская область,Одинцовский г.о.,,,ЖК Рублёвский Квартал,Самолет,https://t.me/RublKvartalChat,https://t.me/RublKvartalChat,"Москва чаты, Сдача по чатам",Москва чаты:59; Сдача по чатам:4,"delivery, main",high,,zhk-rublevskiy-kvartal,samolet,moskovskaya-oblast,odintsovskiy-g-o,
Самолет,Московская область,Московская область,Подольск,,,ЖК Подольские Кварталы,Самолет,https://t.me/JKPODOLKvartaliy,https://t.me/JKPODOLKvartaliy,"Москва чаты, Сдача по чатам",Москва чаты:106; Сдача по чатам:3,"delivery, main",high,,zhk-podolskie-kvartaly,samolet,moskovskaya-oblast,podolsk,
Самолет,Московская область,Московская область,Химки,,,ЖК Квартал Ивакино,Самолет,https://t.me/JKKvartalIvakinoo,https://t.me/JKKvartalIvakinoo,"Москва чаты, Сдача по чатам",Москва чаты:60; Сдача по чатам:28,"delivery, main",high,,zhk-kvartal-ivakino,samolet,moskovskaya-oblast,himki,
Самолет,Другой город/регион,Санкт-Петербург / Ленинградская область,Санкт-Петербург / агломерация,,,"ЖК ""Живи! В Рыбацком""",Самолет,https://t.me/JKJiviVRibatskomSosedi,https://t.me/JKJiviVRibatskomSosedi,Питер чаты,Питер чаты:27,main,high,,zhk-zhivi-v-rybatskom,samolet,sankt-peterburg-leningradskaya-oblast,sankt-peterburg-aglomeratsiya,
Самолет,Другой город/регион,Санкт-Петербург / Ленинградская область,Санкт-Петербург / агломерация,,,"ЖК ""Квартал Лаголово""",Самолет,https://t.me/JKKvartalLagolovoSosedi,https://t.me/JKKvartalLagolovoSosedi,Питер чаты,Питер чаты:58,main,high,,zhk-kvartal-lagolovo,samolet,sankt-peterburg-leningradskaya-oblast,sankt-peterburg-aglomeratsiya,
Самолет,Другой город/регион,Санкт-Петербург / Ленинградская область,Санкт-Петербург / агломерация,,,"ЖК ""Квартал Торики""",Самолет,https://t.me/JKKvartalTorikiSosedi,https://t.me/JKKvartalTorikiSosedi,Питер чаты,Питер чаты:68,main,high,,zhk-kvartal-toriki,samolet,sankt-peterburg-leningradskaya-oblast,sankt-peterburg-aglomeratsiya,
Самолет,Другой город/регион,Санкт-Петербург / Ленинградская область,Санкт-Петербург / агломерация,,,"ЖК ""Невская долина""",Самолет,https://t.me/NevskayaadolinaSosedi,https://t.me/NevskayaadolinaSosedi,Питер чаты,Питер чаты:37,main,high,,zhk-nevskaya-dolina,samolet,sankt-peterburg-leningradskaya-oblast,sankt-peterburg-aglomeratsiya,
Самолет,Другой город/регион,Санкт-Петербург / Ленинградская область,Санкт-Петербург / агломерация,,,"ЖК ""Новое Колпино""",Самолет,https://t.me/JKNovKolp,https://t.me/JKNovKolp,Питер чаты,Питер чаты:98,main,high,,zhk-novoe-kolpino,samolet,sankt-peterburg-leningradskaya-oblast,sankt-peterburg-aglomeratsiya,
Самолет,Другой город/регион,Санкт-Петербург / Ленинградская область,Санкт-Петербург / агломерация,,,"ЖК ""Сандэй""",Самолет,https://t.me/JKSendeiSosedi,https://t.me/JKSendeiSosedi,Питер чаты,Питер чаты:40,main,high,,zhk-sandey,samolet,sankt-peterburg-leningradskaya-oblast,sankt-peterburg-aglomeratsiya,
Самолет,Другой город/регион,Санкт-Петербург / Ленинградская область,Санкт-Петербург / агломерация,,,"ЖК ""Южная Нева""",Самолет,https://t.me/JKUjnayaNevaSosedi,https://t.me/JKUjnayaNevaSosedi,Питер чаты,Питер чаты:83,main,high,,zhk-yuzhnaya-neva,samolet,sankt-peterburg-leningradskaya-oblast,sankt-peterburg-aglomeratsiya,
Сан Девелопмент,Москва,Москва,Москва,САО,Головинский,ЖК Монодом Лейк,Сан Девелопмент,https://t.me/JKMonodomLakeChat,https://t.me/JKMonodomLakeChat,Москва чаты,Москва чаты:110,main,medium,,zhk-monodom-leyk,san-development,moskva,moskva,golovinskiy
СберСити,Москва,Москва,Москва,ЗАО,Кунцево / Рублёво-Архангельское,ЖК СберСити,СберСити,https://t.me/ZhKSberSitiSosedi1,https://t.me/ZhKSberSitiSosedi1,Москва чаты,Москва чаты:141,main,medium,,zhk-sbersiti,sbersiti,moskva,moskva,kuntsevo-rublevo-arhangelskoe
Север,Другой город/регион,Новосибирская область,Новосибирск,,,ЖК Поколение,Север,https://t.me/JKPokolenieZh,https://t.me/JKPokolenieZh,Новосибирск чаты,Новосибирск чаты:69,main,high,,zhk-pokolenie,sever,novosibirskaya-oblast,novosibirsk,
Север,Другой город/регион,Свердловская область,Екатеринбург,,,Литературный,Север,https://t.me/JKLiteraturniy,https://t.me/JKLiteraturniy,Екатеринбург чаты,Екатеринбург чаты:62,main,high,,literaturnyy,sever,sverdlovskaya-oblast,ekaterinburg,
Север-Строй,Другой город/регион,Новосибирская область,Новосибирск,,,ЖК ЕРМАК,Север-Строй,https://t.me/JKErmak,https://t.me/JKErmak,Новосибирск чаты,Новосибирск чаты:81,main,high,,zhk-ermak,sever-stroi,novosibirskaya-oblast,novosibirsk,
СервисВертикаль,Московская область,Московская область,Мытищи,,,ЖК Атлантис,СервисВертикаль,https://t.me/JKAtlantisChatDol,https://t.me/JKAtlantisChatDol,Москва чаты,Москва чаты:34,main,medium,,zhk-atlantis,servisvertikal,moskovskaya-oblast,mytischi,
Сергиев Пассаж,Другой город/регион,Новосибирская область,Новосибирск,,,ЖК Сергиев Пассаж,Сергиев Пассаж,https://t.me/JKSergPas,https://t.me/JKSergPas,Новосибирск чаты,Новосибирск чаты:73,main,high,,zhk-sergiev-passazh,sergiev-passazh,novosibirskaya-oblast,novosibirsk,
Сибирские жилые кварталы,Другой город/регион,Новосибирская область,Новосибирск,,,ЖК Эко-квартал Флора и Фауна,Сибирские жилые кварталы,https://t.me/JKFloraFauna,https://t.me/JKFloraFauna,Новосибирск чаты,Новосибирск чаты:83,main,high,,zhk-eko-kvartal-flora-i-fauna,sibirskie-zhilye-kvartaly,novosibirskaya-oblast,novosibirsk,
Сибирьинвест,Другой город/регион,Новосибирская область,Новосибирск,,,ЖК Возрождение,Сибирьинвест,https://t.me/JKVozrojdenieJiltsi,https://t.me/JKVozrojdenieJiltsi,Новосибирск чаты,Новосибирск чаты:7,main,high,,zhk-vozrozhdenie,sibir-invest,novosibirskaya-oblast,novosibirsk,
Сибирьинвест,Другой город/регион,Новосибирская область,Новосибирск,,,ЖК Комсомольский проспект,Сибирьинвест,https://t.me/JKKomsomolskiyprospektJiltsi,https://t.me/JKKomsomolskiyprospektJiltsi,Новосибирск чаты,Новосибирск чаты:46,main,high,,zhk-komsomolskiy-prospekt,sibir-invest,novosibirskaya-oblast,novosibirsk,
Сибирьинвест,Другой город/регион,Новосибирская область,Новосибирск,,,ЖК Чернышевский,Сибирьинвест,https://t.me/JKChernishevskiy,https://t.me/JKChernishevskiy,Новосибирск чаты,Новосибирск чаты:109,main,high,,zhk-chernyshevskiy,sibir-invest,novosibirskaya-oblast,novosibirsk,
Сибирьинвест,Другой город/регион,Новосибирская область,Новосибирск,,,ЖК на Горького,Сибирьинвест,https://t.me/JKnaGorkogoJiltsi,https://t.me/JKnaGorkogoJiltsi,Новосибирск чаты,Новосибирск чаты:12,main,high,,zhk-na-gorkogo,sibir-invest,novosibirskaya-oblast,novosibirsk,
Сибмонтажспецстрой,Другой город/регион,Новосибирская область,Новосибирск,,,ЖК Land Lord,Сибмонтажспецстрой,https://t.me/JKLandLord,https://t.me/JKLandLord,Новосибирск чаты,Новосибирск чаты:89,main,high,,zhk-land-lord,sibmontazhspetsstroi,novosibirskaya-oblast,novosibirsk,
Сибмонтажспецстрой,Другой город/регион,Новосибирская область,Новосибирск,,,ЖК VOROSHILOV,Сибмонтажспецстрой,https://t.me/JKVOROSHILOVJiltsi,https://t.me/JKVOROSHILOVJiltsi,Новосибирск чаты,Новосибирск чаты:54,main,high,,zhk-voroshilov,sibmontazhspetsstroi,novosibirskaya-oblast,novosibirsk,
Сибмонтажспецстрой,Другой город/регион,Новосибирская область,Новосибирск,,,ЖК Бирюзовая жемчужина 3,Сибмонтажспецстрой,https://t.me/JKBiruzovayajemjushina3Jiltsi,https://t.me/JKBiruzovayajemjushina3Jiltsi,Новосибирск чаты,Новосибирск чаты:28,main,high,,zhk-biryuzovaya-zhemchuzhina-3,sibmontazhspetsstroi,novosibirskaya-oblast,novosibirsk,
Сибмонтажспецстрой,Другой город/регион,Новосибирская область,Новосибирск,,,ЖК Гвардия,Сибмонтажспецстрой,https://t.me/JKGvardiya,https://t.me/JKGvardiya,Новосибирск чаты,Новосибирск чаты:82,main,high,,zhk-gvardiya,sibmontazhspetsstroi,novosibirskaya-oblast,novosibirsk,
Сибмонтажспецстрой,Другой город/регион,Новосибирская область,Новосибирск,,,ЖК Калининский квартал,Сибмонтажспецстрой,https://t.me/JKKalininskiyKvartal,https://t.me/JKKalininskiyKvartal,Новосибирск чаты,Новосибирск чаты:113,main,high,,zhk-kalininskiy-kvartal,sibmontazhspetsstroi,novosibirskaya-oblast,novosibirsk,
Сибмонтажспецстрой,Другой город/регион,Новосибирская область,Новосибирск,,,ЖК Менделеев,Сибмонтажспецстрой,https://t.me/JKMendeleev,https://t.me/JKMendeleev,Новосибирск чаты,Новосибирск чаты:88,main,high,,zhk-mendeleev,sibmontazhspetsstroi,novosibirskaya-oblast,novosibirsk,
Сибмонтажспецстрой,Другой город/регион,Новосибирская область,Новосибирск,,,ЖК Чкалов 7,Сибмонтажспецстрой,https://t.me/JKChkalov7Jiltsi,https://t.me/JKChkalov7Jiltsi,Новосибирск чаты,Новосибирск чаты:29,main,high,,zhk-chkalov-7,sibmontazhspetsstroi,novosibirskaya-oblast,novosibirsk,
Синергия НСК,Другой город/регион,Новосибирская область,Новосибирск,,,ЖК Тихий,Синергия НСК,https://t.me/JKTihiyJiltsi,https://t.me/JKTihiyJiltsi,Новосибирск чаты,Новосибирск чаты:17,main,high,,zhk-tihiy,sinergiia-nsk,novosibirskaya-oblast,novosibirsk,
Снегири,Другой город/регион,Новосибирская область,Новосибирск,,,ЖК ДНК,Снегири,https://t.me/JKDNKJil,https://t.me/JKDNKJil,Новосибирск чаты,Новосибирск чаты:116,main,high,,zhk-dnk,snegiri,novosibirskaya-oblast,novosibirsk,
Снегири,Другой город/регион,Республика Татарстан,Казань,,,ЖК Снегири,Снегири,https://t.me/JKSnegiriDolchiki,https://t.me/JKSnegiriDolchiki,Казань чаты,Казань чаты:6; Казань чаты:77,main,high,,zhk-snegiri,snegiri,respublika-tatarstan,kazan,
Совушки,Другой город/регион,Свердловская область,Екатеринбург,,,Совушки,Совушки,https://t.me/JKSovushkin,https://t.me/JKSovushkin,Екатеринбург чаты,Екатеринбург чаты:33,main,high,,sovushki,sovushki,sverdlovskaya-oblast,ekaterinburg,
Союз,Другой город/регион,Новосибирская область,Новосибирск,,,ЖК Галактика,Союз,https://t.me/JKgallaktikaJiltsi,https://t.me/JKgallaktikaJiltsi,Новосибирск чаты,Новосибирск чаты:58,main,high,,zhk-galaktika,soiuz,novosibirskaya-oblast,novosibirsk,
Союз,Другой город/регион,Новосибирская область,Новосибирск,,,ЖК Квартет,Союз,https://t.me/JKKvartetJiltsi,https://t.me/JKKvartetJiltsi,Новосибирск чаты,Новосибирск чаты:30,main,high,,zhk-kvartet,soiuz,novosibirskaya-oblast,novosibirsk,
Союз,Другой город/регион,Новосибирская область,Новосибирск,,,ЖК Новый горизонт,Союз,https://t.me/JKNoviygorizontJiltsi,https://t.me/JKNoviygorizontJiltsi,Новосибирск чаты,Новосибирск чаты:57,main,high,,zhk-novyy-gorizont,soiuz,novosibirskaya-oblast,novosibirsk,
Союз,Другой город/регион,Новосибирская область,Новосибирск,,,ЖК САМОЦВЕТЫ,Союз,https://t.me/JKsamocveti,https://t.me/JKsamocveti,Новосибирск чаты,Новосибирск чаты:78,main,high,,zhk-samotsvety,soiuz,novosibirskaya-oblast,novosibirsk,
Союз,Другой город/регион,Санкт-Петербург / Ленинградская область,Санкт-Петербург / агломерация,,,"ЖК ""Сибирь""",Союз,https://t.me/JKSibirSosedi,https://t.me/JKSibirSosedi,Питер чаты,Питер чаты:39,main,high,,zhk-sibir,soiuz,sankt-peterburg-leningradskaya-oblast,sankt-peterburg-aglomeratsiya,
Страна Девелопмент,Москва,Москва,Москва,ЗАО,Очаково-Матвеевское,ЖК Страна. Озерная,Страна Девелопмент,https://t.me/JKStranaOzernaya,https://t.me/JKStranaOzernaya,Москва чаты,Москва чаты:52,main,high,,zhk-strana-ozernaya,strana-development,moskva,moskva,ochakovo-matveevskoe
Страна Девелопмент,Другой город/регион,Новосибирская область,Новосибирск,,,ЖК страна Береговая,Страна Девелопмент,https://t.me/JKStranaBeregovaya,https://t.me/JKStranaBeregovaya,Новосибирск чаты,Новосибирск чаты:99,main,high,,zhk-strana-beregovaya,strana-development,novosibirskaya-oblast,novosibirsk,
Страна Девелопмент,Другой город/регион,Свердловская область,Екатеринбург,,,Страна Энтузиастов,Страна Девелопмент,https://t.me/JKStranaEntuz,https://t.me/JKStranaEntuz,Екатеринбург чаты,Екатеринбург чаты:55,main,high,,strana-entuziastov,strana-development,sverdlovskaya-oblast,ekaterinburg,
Стрижи,Другой город/регион,Новосибирская область,Новосибирск,,,ЖК Авангард Парк,Стрижи,https://t.me/JKAvangardPark,https://t.me/JKAvangardPark,Новосибирск чаты,Новосибирск чаты:112,main,high,,zhk-avangard-park,strizhi,novosibirskaya-oblast,novosibirsk,
Стрижи,Другой город/регион,Новосибирская область,Новосибирск,,,ЖК Новелла,Стрижи,https://t.me/JkNovellaJiltsi,https://t.me/JkNovellaJiltsi,Новосибирск чаты,Новосибирск чаты:42,main,high,,zhk-novella,strizhi,novosibirskaya-oblast,novosibirsk,
Стрижи,Другой город/регион,Новосибирская область,Новосибирск,,,ЖК Русское солнце,Стрижи,https://t.me/JKRusskoeSolnseJiltsi,https://t.me/JKRusskoeSolnseJiltsi,Новосибирск чаты,Новосибирск чаты:40,main,high,,zhk-russkoe-solntse,strizhi,novosibirskaya-oblast,novosibirsk,
Строительная компания Аркада,Другой город/регион,Республика Татарстан,Казань,,,ЖК Резиденции МОН на Чернышевского,Строительная компания Аркада,https://t.me/RezedensiyaMONnaChernishevskogo,https://t.me/RezedensiyaMONnaChernishevskogo,Казань чаты,Казань чаты:15; Казань чаты:86,main,high,,zhk-rezidentsii-mon-na-chernyshevskogo,stroitel-naia-kompaniia-arkada,respublika-tatarstan,kazan,
Строительный Трест,Другой город/регион,Санкт-Петербург / Ленинградская область,Санкт-Петербург / агломерация,,,"ЖК ""NewПитер""",Строительный Трест,https://t.me/JKNewPiterSosedi,https://t.me/JKNewPiterSosedi,Питер чаты,Питер чаты:57,main,high,,zhk-newpiter,stroitel-nyi-trest,sankt-peterburg-leningradskaya-oblast,sankt-peterburg-aglomeratsiya,
Строительный Трест,Другой город/регион,Санкт-Петербург / Ленинградская область,Санкт-Петербург / агломерация,,,"ЖК ""Наука""",Строительный Трест,https://t.me/JKNaukaSosedi,https://t.me/JKNaukaSosedi,Питер чаты,Питер чаты:26,main,high,,zhk-nauka,stroitel-nyi-trest,sankt-peterburg-leningradskaya-oblast,sankt-peterburg-aglomeratsiya,
Строительный Трест,Другой город/регион,Санкт-Петербург / Ленинградская область,Санкт-Петербург / агломерация,,,"ЖК ""Парусная 1""",Строительный Трест,https://t.me/JKParusnaya1,https://t.me/JKParusnaya1,Питер чаты,Питер чаты:106,main,high,,zhk-parusnaya-1,stroitel-nyi-trest,sankt-peterburg-leningradskaya-oblast,sankt-peterburg-aglomeratsiya,
Строй Мир,Москва,Москва,Москва,ЮАО,Донской,ЖК DIUS (Диус),Строй Мир,https://t.me/JKDiusS,https://t.me/JKDiusS,Москва чаты,Москва чаты:132,main,medium,,zhk-dius-dius,stroi-mir,moskva,moskva,donskoy
СтройИнновация,Москва,Москва,Москва,ЗелАО,Зеленоград,ЖК Зеленоград Ривьера,СтройИнновация,https://t.me/ZhKZelenogradRiveraSosedi1,https://t.me/ZhKZelenogradRiveraSosedi1,Москва чаты,Москва чаты:221,main,high,,zhk-zelenograd-rivera,stroiinnovatsiia,moskva,moskva,zelenograd
Стройком,Новая Москва,Москва,Москва,НАО,Сосенское,ЖК  Новое Летово,Стройком,https://t.me/JKNovoeLetovo,https://t.me/JKNovoeLetovo,Москва чаты,Москва чаты:107,main,high,,zhk-novoe-letovo,stroikom,moskva,moskva,sosenskoe
Стройком,Новая Москва,Москва,Москва,ТАО,Десёновское,ЖК Новые Ватутинки,Стройком,https://t.me/ZhKNovyeVatutinkiSosedi,https://t.me/ZhKNovyeVatutinkiSosedi,Москва чаты,Москва чаты:219,main,high,,zhk-novye-vatutinki,stroikom,moskva,moskva,desenovskoe
Суварстроит,Другой город/регион,Республика Татарстан,Казань,,,ЖК Сказочный лес,Суварстроит,https://t.me/JKSkazocniylesDolchiki,https://t.me/JKSkazocniylesDolchiki,Казань чаты,Казань чаты:11; Казань чаты:82,main,high,,zhk-skazochnyy-les,suvarstroit,respublika-tatarstan,kazan,
Суварстроит,Другой город/регион,Республика Татарстан,Казань,,,ЖК на Хади Атласи,Суварстроит,https://t.me/JKnaHadiAtlasiDolchiki,https://t.me/JKnaHadiAtlasiDolchiki,Казань чаты,Казань чаты:8; Казань чаты:79,main,high,,zhk-na-hadi-atlasi,suvarstroit,respublika-tatarstan,kazan,
ТАТЭКОРЕСУРС,Другой город/регион,Республика Татарстан,Казань,,,ЖК Светский,ТАТЭКОРЕСУРС,https://t.me/JKSvetskiyDolchiki,https://t.me/JKSvetskiyDolchiki,Казань чаты,Казань чаты:5; Казань чаты:76,main,high,,zhk-svetskiy,tatekoresurs,respublika-tatarstan,kazan,
ТПУ РАССКАЗОВКА,Новая Москва,Москва,Москва,НАО,Московский,ЖК ГОРОДСКИЕ ИСТОРИИ,ТПУ РАССКАЗОВКА,https://t.me/ZhKGORODSKIEISTORIISosedi,https://t.me/ZhKGORODSKIEISTORIISosedi,Москва чаты,Москва чаты:161,main,high,,zhk-gorodskie-istorii,tpu-rasskazovka,moskva,moskva,moskovskiy
ТРЕТИЙ РИМ,Москва,Москва,Москва,ЦАО,Арбат,ЖК Никитский 6,ТРЕТИЙ РИМ,https://t.me/ZhKNikitskiy6Sosedi1,https://t.me/ZhKNikitskiy6Sosedi1,Москва чаты,Москва чаты:220,main,high,,zhk-nikitskiy-6,tretii-rim,moskva,moskva,arbat
ТСИ,Другой город/регион,Республика Татарстан,Казань,,,ЖК Мечта,ТСИ,https://t.me/JKMechtaDolchiki,https://t.me/JKMechtaDolchiki,Казань чаты,Казань чаты:22; Казань чаты:93,main,high,,zhk-mechta,tsi,respublika-tatarstan,kazan,
Таймс,Другой город/регион,Санкт-Петербург / Ленинградская область,Санкт-Петербург / агломерация,,,"ЖК ""Новая история""",Таймс,https://t.me/JKNovayaistoriyaSosedi,https://t.me/JKNovayaistoriyaSosedi,Питер чаты,Питер чаты:86,main,high,,zhk-novaya-istoriya,taims,sankt-peterburg-leningradskaya-oblast,sankt-peterburg-aglomeratsiya,
Ташир,Москва,Москва,Москва,ЗАО,Можайский,ЖК STELLAR CITY,Ташир,https://t.me/ZhKSTELLARCITYSosedi,https://t.me/ZhKSTELLARCITYSosedi,Москва чаты,Москва чаты:217,main,high,,zhk-stellar-city,tashir,moskva,moskva,mozhayskiy
Ташир,Другой город/регион,Республика Татарстан,Казань,,,ЖК  TERRA 4 кв 26 г,Ташир,https://t.me/JKTERRADolchiki,https://t.me/JKTERRADolchiki,Казань чаты,Казань чаты:53; Казань чаты:124,main,high,,zhk-terra-4-kv-26-g,tashir,respublika-tatarstan,kazan,
Ташир,Другой город/регион,Республика Татарстан,Казань,,,ЖК 1712 4 кв 27 г,Ташир,https://t.me/JK1712Dolchiki,https://t.me/JK1712Dolchiki,Казань чаты,Казань чаты:70; Казань чаты:141,main,high,,zhk-1712-4-kv-27-g,tashir,respublika-tatarstan,kazan,
Ташир,Другой город/регион,Республика Татарстан,Казань,,,ЖК ART City 3 кв 27 г,Ташир,https://t.me/JKARTCityDolchiki,https://t.me/JKARTCityDolchiki,Казань чаты,Казань чаты:65; Казань чаты:136,main,high,,zhk-art-city-3-kv-27-g,tashir,respublika-tatarstan,kazan,
Ташир,Другой город/регион,Республика Татарстан,Казань,,,ЖК DUBRAVA 2.0 4 кв 25 г,Ташир,https://t.me/JKDUBRAVA20Dolchiki,https://t.me/JKDUBRAVA20Dolchiki,Казань чаты,Казань чаты:31; Казань чаты:102,main,high,,zhk-dubrava-2-0-4-kv-25-g,tashir,respublika-tatarstan,kazan,
Ташир,Другой город/регион,Республика Татарстан,Казань,,,ЖК GloraX Экосити 1 кв 27 г,Ташир,https://t.me/JKGloraXEkositiDolchiki,https://t.me/JKGloraXEkositiDolchiki,Казань чаты,Казань чаты:58; Казань чаты:129,main,high,,zhk-glorax-ekositi-1-kv-27-g,tashir,respublika-tatarstan,kazan,
Ташир,Другой город/регион,Республика Татарстан,Казань,,,ЖК Manzara Towers 4 кв 27 г,Ташир,https://t.me/JKManzaraTowersDolchiki,https://t.me/JKManzaraTowersDolchiki,Казань чаты,Казань чаты:67; Казань чаты:138,main,high,,zhk-manzara-towers-4-kv-27-g,tashir,respublika-tatarstan,kazan,
Ташир,Другой город/регион,Республика Татарстан,Казань,,,ЖК NOVA 2 кв 26 г,Ташир,https://t.me/JKNOVADolchiki,https://t.me/JKNOVADolchiki,Казань чаты,Казань чаты:40; Казань чаты:111,main,high,,zhk-nova-2-kv-26-g,tashir,respublika-tatarstan,kazan,
Ташир,Другой город/регион,Республика Татарстан,Казань,,,ЖК Promenade 2 кв 27 г,Ташир,https://t.me/JKPromenadeDolchiki,https://t.me/JKPromenadeDolchiki,Казань чаты,Казань чаты:64; Казань чаты:135,main,high,,zhk-promenade-2-kv-27-g,tashir,respublika-tatarstan,kazan,
Ташир,Другой город/регион,Республика Татарстан,Казань,,,ЖК Q на Кулагина 3 кв 26 г,Ташир,https://t.me/JKQnaKulaginaDolchiki,https://t.me/JKQnaKulaginaDolchiki,Казань чаты,Казань чаты:46; Казань чаты:117,main,high,,zhk-q-na-kulagina-3-kv-26-g,tashir,respublika-tatarstan,kazan,
Ташир,Другой город/регион,Республика Татарстан,Казань,,,ЖК Авторы на Годовикова 4 кв 26 г,Ташир,https://t.me/JKAvtorinaGodovikovaDolchiki,https://t.me/JKAvtorinaGodovikovaDolchiki,Казань чаты,Казань чаты:56; Казань чаты:127,main,high,,zhk-avtory-na-godovikova-4-kv-26-g,tashir,respublika-tatarstan,kazan,
Ташир,Другой город/регион,Республика Татарстан,Казань,,,ЖК Авторы на Петербургской 3 кв 26 г,Ташир,https://t.me/JKAvtorinaPeterburgskoyDolchiki,https://t.me/JKAvtorinaPeterburgskoyDolchiki,Казань чаты,Казань чаты:48; Казань чаты:119,main,high,,zhk-avtory-na-peterburgskoy-3-kv-26-g,tashir,respublika-tatarstan,kazan,
Ташир,Другой город/регион,Республика Татарстан,Казань,,,ЖК Адали 4 кв 27 г,Ташир,https://t.me/JKAdaliDolchiki,https://t.me/JKAdaliDolchiki,Казань чаты,Казань чаты:69; Казань чаты:140,main,high,,zhk-adali-4-kv-27-g,tashir,respublika-tatarstan,kazan,
Ташир,Другой город/регион,Республика Татарстан,Казань,,,ЖК Аквамарин 2 кв 26 г,Ташир,https://t.me/JKAkvamarinDolchiki,https://t.me/JKAkvamarinDolchiki,Казань чаты,Казань чаты:38; Казань чаты:109,main,high,,zhk-akvamarin-2-kv-26-g,tashir,respublika-tatarstan,kazan,
Ташир,Другой город/регион,Республика Татарстан,Казань,,,ЖК Главные роли 2 кв 28 г,Ташир,https://t.me/JKGlavnieroliDolchiki,https://t.me/JKGlavnieroliDolchiki,Казань чаты,Казань чаты:72; Казань чаты:143,main,high,,zhk-glavnye-roli-2-kv-28-g,tashir,respublika-tatarstan,kazan,
Ташир,Другой город/регион,Республика Татарстан,Казань,,,ЖК Династия 3 кв 26 г,Ташир,https://t.me/JKDinastiyaDolchiki,https://t.me/JKDinastiyaDolchiki,Казань чаты,Казань чаты:44; Казань чаты:115,main,high,,zhk-dinastiya-3-kv-26-g,tashir,respublika-tatarstan,kazan,
Ташир,Другой город/регион,Республика Татарстан,Казань,,,ЖК Дом на Исхаки 4 кв 26 г,Ташир,https://t.me/JKDomnaIshakiDolchiki,https://t.me/JKDomnaIshakiDolchiki,Казань чаты,Казань чаты:51; Казань чаты:122,main,high,,zhk-dom-na-ishaki-4-kv-26-g,tashir,respublika-tatarstan,kazan,
Ташир,Другой город/регион,Республика Татарстан,Казань,,,ЖК ЗАРЯ 4 кв 27 г,Ташир,https://t.me/JKZARYADolchiki,https://t.me/JKZARYADolchiki,Казань чаты,Казань чаты:68; Казань чаты:139,main,high,,zhk-zarya-4-kv-27-g,tashir,respublika-tatarstan,kazan,
Ташир,Другой город/регион,Республика Татарстан,Казань,,,ЖК КОМОС НА ТУКАЯ 4 кв 25 г,Ташир,https://t.me/JKKOMOSNATUKAYADolchiki,https://t.me/JKKOMOSNATUKAYADolchiki,Казань чаты,Казань чаты:27; Казань чаты:98,main,high,,zhk-komos-na-tukaya-4-kv-25-g,tashir,respublika-tatarstan,kazan,
Ташир,Другой город/регион,Республика Татарстан,Казань,,,ЖК Кастура Таун 1 кв 27 г,Ташир,https://t.me/JKKasturaTaunDolchiki,https://t.me/JKKasturaTaunDolchiki,Казань чаты,Казань чаты:61; Казань чаты:132,main,high,,zhk-kastura-taun-1-kv-27-g,tashir,respublika-tatarstan,kazan,
Ташир,Другой город/регион,Республика Татарстан,Казань,,,ЖК Квартал Сюита 1 кв 26 г,Ташир,https://t.me/JKKvartalSuitaDolchiki,https://t.me/JKKvartalSuitaDolchiki,Казань чаты,Казань чаты:33; Казань чаты:104,main,high,,zhk-kvartal-syuita-1-kv-26-g,tashir,respublika-tatarstan,kazan,
Ташир,Другой город/регион,Республика Татарстан,Казань,,,ЖК Клубный дом Шаляпина XV 3 кв 26 г,Ташир,https://t.me/JKKlubniydomnaShalapinaXVDolchik,https://t.me/JKKlubniydomnaShalapinaXVDolchik,Казань чаты,Казань чаты:49; Казань чаты:120,main,high,,zhk-klubnyy-dom-shalyapina-xv-3-kv-26-g,tashir,respublika-tatarstan,kazan,
Ташир,Другой город/регион,Республика Татарстан,Казань,,,ЖК Лето 4 кв 25 г,Ташир,https://t.me/JKLetoDolchiki,https://t.me/JKLetoDolchiki,Казань чаты,Казань чаты:23; Казань чаты:94,main,high,,zhk-leto-4-kv-25-g,tashir,respublika-tatarstan,kazan,
Ташир,Другой город/регион,Республика Татарстан,Казань,,,ЖК Матюшино парк 1 кв 27 г,Ташир,https://t.me/JKMatushinoparkDolchiki,https://t.me/JKMatushinoparkDolchiki,Казань чаты,Казань чаты:57; Казань чаты:128,main,high,,zhk-matyushino-park-1-kv-27-g,tashir,respublika-tatarstan,kazan,
Ташир,Другой город/регион,Республика Татарстан,Казань,,,ЖК Минтимер 3 кв 27 г,Ташир,https://t.me/JKMintimerDolchiki,https://t.me/JKMintimerDolchiki,Казань чаты,Казань чаты:66; Казань чаты:137,main,high,,zhk-mintimer-3-kv-27-g,tashir,respublika-tatarstan,kazan,
Ташир,Другой город/регион,Республика Татарстан,Казань,,,ЖК Мифы 3 кв 26 г,Ташир,https://t.me/JKMifiDolchiki,https://t.me/JKMifiDolchiki,Казань чаты,Казань чаты:47; Казань чаты:118,main,high,,zhk-mify-3-kv-26-g,tashir,respublika-tatarstan,kazan,
Ташир,Другой город/регион,Республика Татарстан,Казань,,,ЖК Мой Ритм 4 кв 26 г,Ташир,https://t.me/JKMoyRitmDolchiki,https://t.me/JKMoyRitmDolchiki,Казань чаты,Казань чаты:50; Казань чаты:121,main,high,,zhk-moy-ritm-4-kv-26-g,tashir,respublika-tatarstan,kazan,
Ташир,Другой город/регион,Республика Татарстан,Казань,,,ЖК Наследие 2 кв 27 г,Ташир,https://t.me/JKNasledieDolchiki,https://t.me/JKNasledieDolchiki,Казань чаты,Казань чаты:63; Казань чаты:134,main,high,,zhk-nasledie-2-kv-27-g,tashir,respublika-tatarstan,kazan,
Ташир,Другой город/регион,Республика Татарстан,Казань,,,ЖК Нити 4 кв 26 г,Ташир,https://t.me/JKNitiDolchiki,https://t.me/JKNitiDolchiki,Казань чаты,Казань чаты:55; Казань чаты:126,main,high,,zhk-niti-4-kv-26-g,tashir,respublika-tatarstan,kazan,
Ташир,Другой город/регион,Республика Татарстан,Казань,,,ЖК Новые горки 4 кв 25 г,Ташир,https://t.me/JKNoviegorkiDolchiki,https://t.me/JKNoviegorkiDolchiki,Казань чаты,Казань чаты:28; Казань чаты:99,main,high,,zhk-novye-gorki-4-kv-25-g,tashir,respublika-tatarstan,kazan,
Ташир,Другой город/регион,Республика Татарстан,Казань,,,ЖК Нокса парк 2 кв 26 г,Ташир,https://t.me/JKNoksaparkDolchiki,https://t.me/JKNoksaparkDolchiki,Казань чаты,Казань чаты:35; Казань чаты:106,main,high,,zhk-noksa-park-2-kv-26-g,tashir,respublika-tatarstan,kazan,
Ташир,Другой город/регион,Республика Татарстан,Казань,,,ЖК Ометьевский Парк 1 кв 27 г,Ташир,https://t.me/JKOmetevskiyParkDolchiki,https://t.me/JKOmetevskiyParkDolchiki,Казань чаты,Казань чаты:60; Казань чаты:131,main,high,,zhk-ometevskiy-park-1-kv-27-g,tashir,respublika-tatarstan,kazan,
Ташир,Другой город/регион,Республика Татарстан,Казань,,,ЖК Оригана 2 кв 28 г,Ташир,https://t.me/JKOriganaDolchiki,https://t.me/JKOriganaDolchiki,Казань чаты,Казань чаты:71; Казань чаты:142,main,high,,zhk-origana-2-kv-28-g,tashir,respublika-tatarstan,kazan,
Ташир,Другой город/регион,Республика Татарстан,Казань,,,ЖК Отражение 4 кв 25 г,Ташир,https://t.me/JKOtrajenieDolchiki,https://t.me/JKOtrajenieDolchiki,Казань чаты,Казань чаты:32; Казань чаты:103,main,high,,zhk-otrazhenie-4-kv-25-g,tashir,respublika-tatarstan,kazan,
Ташир,Другой город/регион,Республика Татарстан,Казань,,,ЖК Параллели,Ташир,https://t.me/JKParalleliDolchiki,https://t.me/JKParalleliDolchiki,Казань чаты,Казань чаты:20; Казань чаты:91,main,high,,zhk-paralleli,tashir,respublika-tatarstan,kazan,
Ташир,Другой город/регион,Республика Татарстан,Казань,,,ЖК ПаркМаяк 2 кв 26 г,Ташир,https://t.me/JKParkMayakDolchiki,https://t.me/JKParkMayakDolchiki,Казань чаты,Казань чаты:39; Казань чаты:110,main,high,,zhk-parkmayak-2-kv-26-g,tashir,respublika-tatarstan,kazan,
Ташир,Другой город/регион,Республика Татарстан,Казань,,,ЖК Поколение 4 кв 25 г,Ташир,https://t.me/JKPoulAdelyaKutuYa83aDolchiki,https://t.me/JKPoulAdelyaKutuYa83aDolchiki,Казань чаты,Казань чаты:29; Казань чаты:100,main,high,,zhk-pokolenie-4-kv-25-g,tashir,respublika-tatarstan,kazan,
Ташир,Другой город/регион,Республика Татарстан,Казань,,,ЖК Притяжение 2 кв 26 г,Ташир,https://t.me/JKPrityajenieDolchiki,https://t.me/JKPrityajenieDolchiki,Казань чаты,Казань чаты:37; Казань чаты:108,main,high,,zhk-prityazhenie-2-kv-26-g,tashir,respublika-tatarstan,kazan,
Ташир,Другой город/регион,Республика Татарстан,Казань,,,ЖК Риваят 4 кв 26 г,Ташир,https://t.me/JKRivayatDolchiki,https://t.me/JKRivayatDolchiki,Казань чаты,Казань чаты:52; Казань чаты:123,main,high,,zhk-rivayat-4-kv-26-g,tashir,respublika-tatarstan,kazan,
Ташир,Другой город/регион,Республика Татарстан,Казань,,,ЖК Сиберово 3 кв 26 г,Ташир,https://t.me/JKSiberovoDolchiki,https://t.me/JKSiberovoDolchiki,Казань чаты,Казань чаты:42; Казань чаты:113,main,high,,zhk-siberovo-3-kv-26-g,tashir,respublika-tatarstan,kazan,
Ташир,Другой город/регион,Республика Татарстан,Казань,,,ЖК Солнечный город 4 кв 25 г,Ташир,https://t.me/JKSolnechniygorodDolchiki,https://t.me/JKSolnechniygorodDolchiki,Казань чаты,Казань чаты:25; Казань чаты:96,main,high,,zhk-solnechnyy-gorod-4-kv-25-g,tashir,respublika-tatarstan,kazan,
Ташир,Другой город/регион,Республика Татарстан,Казань,,,ЖК Станция Спортивная 2 кв 26 г,Ташир,https://t.me/JKStantsiyaSportivnayaDolchiki,https://t.me/JKStantsiyaSportivnayaDolchiki,Казань чаты,Казань чаты:36; Казань чаты:107,main,high,,zhk-stantsiya-sportivnaya-2-kv-26-g,tashir,respublika-tatarstan,kazan,
Ташир,Другой город/регион,Республика Татарстан,Казань,,,ЖК Статный 3 кв 26 г,Ташир,https://t.me/JKStatniyDolchiki,https://t.me/JKStatniyDolchiki,Казань чаты,Казань чаты:45; Казань чаты:116,main,high,,zhk-statnyy-3-kv-26-g,tashir,respublika-tatarstan,kazan,
Ташир,Другой город/регион,Республика Татарстан,Казань,,,ЖК Стрела 3 кв 26 г,Ташир,https://t.me/JKStrelaDolchiki,https://t.me/JKStrelaDolchiki,Казань чаты,Казань чаты:43; Казань чаты:114,main,high,,zhk-strela-3-kv-26-g,tashir,respublika-tatarstan,kazan,
Ташир,Другой город/регион,Республика Татарстан,Казань,,,ЖК Уникум на Проспекте Победы 1 кв 2027 г,Ташир,https://t.me/JKUnikumnaProspektePobediDolchik,https://t.me/JKUnikumnaProspektePobediDolchik,Казань чаты,Казань чаты:59; Казань чаты:130,main,high,,zhk-unikum-na-prospekte-pobedy-1-kv-2027-g,tashir,respublika-tatarstan,kazan,
Ташир,Другой город/регион,Республика Татарстан,Казань,,,ЖК Усадьба Царëво-2 4 кв 25 г,Ташир,https://t.me/JKUsadbaTsarevo2Dolchiki,https://t.me/JKUsadbaTsarevo2Dolchiki,Казань чаты,Казань чаты:24; Казань чаты:95,main,high,,zhk-usadba-tsar-vo-2-4-kv-25-g,tashir,respublika-tatarstan,kazan,
Ташир,Другой город/регион,Республика Татарстан,Казань,,,ЖК Фермаполис 4 кв 26 г,Ташир,https://t.me/JKFermopolisDolchiki,https://t.me/JKFermopolisDolchiki,Казань чаты,Казань чаты:54; Казань чаты:125,main,high,,zhk-fermapolis-4-kv-26-g,tashir,respublika-tatarstan,kazan,
Ташир,Другой город/регион,Республика Татарстан,Казань,,,ЖК Фриссон 2 кв 27 г,Ташир,https://t.me/JKFrissonDolchiki,https://t.me/JKFrissonDolchiki,Казань чаты,Казань чаты:62; Казань чаты:133,main,high,,zhk-frisson-2-kv-27-g,tashir,respublika-tatarstan,kazan,
Ташир,Другой город/регион,Республика Татарстан,Казань,,,ЖК Эдельвейс 2 кв 26 г,Ташир,https://t.me/JKEdelveisDolchiki,https://t.me/JKEdelveisDolchiki,Казань чаты,Казань чаты:41; Казань чаты:112,main,high,,zhk-edelveys-2-kv-26-g,tashir,respublika-tatarstan,kazan,
Ташир,Другой город/регион,Республика Татарстан,Казань,,,ЖК Элегия 2 кв 26 г,Ташир,https://t.me/JKEligeyaDolchiki,https://t.me/JKEligeyaDolchiki,Казань чаты,Казань чаты:34; Казань чаты:105,main,high,,zhk-elegiya-2-kv-26-g,tashir,respublika-tatarstan,kazan,
Ташир,Другой город/регион,Республика Татарстан,Казань,,,ЖК Яналиф 4 кв 25 г,Ташир,https://t.me/JKYanalifDolchiki,https://t.me/JKYanalifDolchiki,Казань чаты,Казань чаты:26; Казань чаты:97,main,high,,zhk-yanalif-4-kv-25-g,tashir,respublika-tatarstan,kazan,
Ташир,Другой город/регион,Республика Татарстан,Казань,,,ЖК на Айвазовского 4 кв 25 г,Ташир,https://t.me/JKnaAivazovskogoDolchiki,https://t.me/JKnaAivazovskogoDolchiki,Казань чаты,Казань чаты:30; Казань чаты:101,main,high,,zhk-na-ayvazovskogo-4-kv-25-g,tashir,respublika-tatarstan,kazan,
Ташир,Другой город/регион,Свердловская область,Екатеринбург,,,12 Квартал,Ташир,https://t.me/JK12Kvartal,https://t.me/JK12Kvartal,Екатеринбург чаты,Екатеринбург чаты:29,main,high,,12-kvartal,tashir,sverdlovskaya-oblast,ekaterinburg,
Ташир,Другой город/регион,Свердловская область,Екатеринбург,,,7Я,Ташир,https://t.me/JK7Ya,https://t.me/JK7Ya,Екатеринбург чаты,Екатеринбург чаты:44,main,high,,7ya,tashir,sverdlovskaya-oblast,ekaterinburg,
Ташир,Другой город/регион,Свердловская область,Екатеринбург,,,Estelle,Ташир,https://t.me/JKEstelle,https://t.me/JKEstelle,Екатеринбург чаты,Екатеринбург чаты:52,main,high,,estelle,tashir,sverdlovskaya-oblast,ekaterinburg,
Ташир,Другой город/регион,Свердловская область,Екатеринбург,,,VEЕR РАRК,Ташир,https://t.me/JKVeerPark,https://t.me/JKVeerPark,Екатеринбург чаты,Екатеринбург чаты:12,main,high,,veer-rark,tashir,sverdlovskaya-oblast,ekaterinburg,
Ташир,Другой город/регион,Свердловская область,Екатеринбург,,,Академ-Центр,Ташир,https://t.me/JKAkademCentr,https://t.me/JKAkademCentr,Екатеринбург чаты,Екатеринбург чаты:30,main,high,,akadem-tsentr,tashir,sverdlovskaya-oblast,ekaterinburg,
Ташир,Другой город/регион,Свердловская область,Екатеринбург,,,Ботаника Грин Хаус,Ташир,https://t.me/JKBotanikaGreenHous,https://t.me/JKBotanikaGreenHous,Екатеринбург чаты,Екатеринбург чаты:26,main,high,,botanika-grin-haus,tashir,sverdlovskaya-oblast,ekaterinburg,
Ташир,Другой город/регион,Свердловская область,Екатеринбург,,,Горки,Ташир,https://t.me/JKGorki,https://t.me/JKGorki,Екатеринбург чаты,Екатеринбург чаты:6,main,high,,gorki,tashir,sverdlovskaya-oblast,ekaterinburg,
Ташир,Другой город/регион,Свердловская область,Екатеринбург,,,Грин Гарден,Ташир,https://t.me/JKGreenGarden,https://t.me/JKGreenGarden,Екатеринбург чаты,Екатеринбург чаты:32,main,high,,grin-garden,tashir,sverdlovskaya-oblast,ekaterinburg,
Ташир,Другой город/регион,Свердловская область,Екатеринбург,,,Дом на шефской,Ташир,https://t.me/JKDomnaShefskoi,https://t.me/JKDomnaShefskoi,Екатеринбург чаты,Екатеринбург чаты:21,main,high,,dom-na-shefskoy,tashir,sverdlovskaya-oblast,ekaterinburg,
Ташир,Другой город/регион,Свердловская область,Екатеринбург,,,Дружный,Ташир,https://t.me/JKDruzhnoiy,https://t.me/JKDruzhnoiy,Екатеринбург чаты,Екатеринбург чаты:22,main,high,,druzhnyy,tashir,sverdlovskaya-oblast,ekaterinburg,
Ташир,Другой город/регион,Свердловская область,Екатеринбург,,,Дружный-2,Ташир,https://t.me/JKDruzniy2,https://t.me/JKDruzniy2,Екатеринбург чаты,Екатеринбург чаты:43,main,high,,druzhnyy-2,tashir,sverdlovskaya-oblast,ekaterinburg,
Ташир,Другой город/регион,Свердловская область,Екатеринбург,,,Зеленая горка,Ташир,https://t.me/JKZelGorka,https://t.me/JKZelGorka,Екатеринбург чаты,Екатеринбург чаты:57,main,high,,zelenaya-gorka,tashir,sverdlovskaya-oblast,ekaterinburg,
Ташир,Другой город/регион,Свердловская область,Екатеринбург,,,Изумрудный бор,Ташир,https://t.me/JKIzumrudniyBor,https://t.me/JKIzumrudniyBor,Екатеринбург чаты,Екатеринбург чаты:28,main,high,,izumrudnyy-bor,tashir,sverdlovskaya-oblast,ekaterinburg,
Ташир,Другой город/регион,Свердловская область,Екатеринбург,,,Клубный дом традиция,Ташир,https://t.me/JKKDTradiciya,https://t.me/JKKDTradiciya,Екатеринбург чаты,Екатеринбург чаты:14,main,high,,klubnyy-dom-traditsiya,tashir,sverdlovskaya-oblast,ekaterinburg,
Ташир,Другой город/регион,Свердловская область,Екатеринбург,,,Космос,Ташир,https://t.me/JKKosmosK,https://t.me/JKKosmosK,Екатеринбург чаты,Екатеринбург чаты:15,main,high,,kosmos,tashir,sverdlovskaya-oblast,ekaterinburg,
Ташир,Другой город/регион,Свердловская область,Екатеринбург,,,М1,Ташир,https://t.me/JKM1Zhuteli,https://t.me/JKM1Zhuteli,Екатеринбург чаты,Екатеринбург чаты:8,main,high,,m1,tashir,sverdlovskaya-oblast,ekaterinburg,
Ташир,Другой город/регион,Свердловская область,Екатеринбург,,,Малахит,Ташир,https://t.me/JKMalahitJ,https://t.me/JKMalahitJ,Екатеринбург чаты,Екатеринбург чаты:53,main,high,,malahit,tashir,sverdlovskaya-oblast,ekaterinburg,
Ташир,Другой город/регион,Свердловская область,Екатеринбург,,,Мир Труд Май,Ташир,https://t.me/JKmirTruDMay,https://t.me/JKmirTruDMay,Екатеринбург чаты,Екатеринбург чаты:17,main,high,,mir-trud-may,tashir,sverdlovskaya-oblast,ekaterinburg,
Ташир,Другой город/регион,Свердловская область,Екатеринбург,,,Мохито,Ташир,https://t.me/JKMoxito,https://t.me/JKMoxito,Екатеринбург чаты,Екатеринбург чаты:49,main,high,,mohito,tashir,sverdlovskaya-oblast,ekaterinburg,
Ташир,Другой город/регион,Свердловская область,Екатеринбург,,,Небосклоны,Ташир,https://t.me/JKNeboskloniy,https://t.me/JKNeboskloniy,Екатеринбург чаты,Екатеринбург чаты:47,main,high,,nebosklony,tashir,sverdlovskaya-oblast,ekaterinburg,
Ташир,Другой город/регион,Свердловская область,Екатеринбург,,,Новокольцовский,Ташир,https://t.me/JKNovokolcovskiy,https://t.me/JKNovokolcovskiy,Екатеринбург чаты,Екатеринбург чаты:23,main,high,,novokoltsovskiy,tashir,sverdlovskaya-oblast,ekaterinburg,
Ташир,Другой город/регион,Свердловская область,Екатеринбург,,,Огни Исети,Ташир,https://t.me/JKOgniIseti,https://t.me/JKOgniIseti,Екатеринбург чаты,Екатеринбург чаты:50,main,high,,ogni-iseti,tashir,sverdlovskaya-oblast,ekaterinburg,
Ташир,Другой город/регион,Свердловская область,Екатеринбург,,,Основинские кварталы,Ташир,https://t.me/JKOsnovinskieKv,https://t.me/JKOsnovinskieKv,Екатеринбург чаты,Екатеринбург чаты:27,main,high,,osnovinskie-kvartaly,tashir,sverdlovskaya-oblast,ekaterinburg,
Ташир,Другой город/регион,Свердловская область,Екатеринбург,,,Парк Столиц,Ташир,https://t.me/JKParkStolic,https://t.me/JKParkStolic,Екатеринбург чаты,Екатеринбург чаты:16,main,high,,park-stolits,tashir,sverdlovskaya-oblast,ekaterinburg,
Ташир,Другой город/регион,Свердловская область,Екатеринбург,,,Парковый квартал 2.0,Ташир,https://t.me/JKParkoviyKvartal,https://t.me/JKParkoviyKvartal,Екатеринбург чаты,Екатеринбург чаты:60,main,high,,parkovyy-kvartal-2-0,tashir,sverdlovskaya-oblast,ekaterinburg,
Ташир,Другой город/регион,Свердловская область,Екатеринбург,,,Проспект мира,Ташир,https://t.me/JKProspektMira,https://t.me/JKProspektMira,Екатеринбург чаты,Екатеринбург чаты:20,main,high,,prospekt-mira,tashir,sverdlovskaya-oblast,ekaterinburg,
Ташир,Другой город/регион,Свердловская область,Екатеринбург,,,Русь,Ташир,https://t.me/JKRusZhiteli,https://t.me/JKRusZhiteli,Екатеринбург чаты,Екатеринбург чаты:11,main,high,,rus,tashir,sverdlovskaya-oblast,ekaterinburg,
Ташир,Другой город/регион,Свердловская область,Екатеринбург,,,Северный Химмаш,Ташир,https://t.me/JKSeverniyHimmash,https://t.me/JKSeverniyHimmash,Екатеринбург чаты,Екатеринбург чаты:13,main,high,,severnyy-himmash,tashir,sverdlovskaya-oblast,ekaterinburg,
Ташир,Другой город/регион,Свердловская область,Екатеринбург,,,Сибирский Сад,Ташир,https://t.me/JKSibSad,https://t.me/JKSibSad,Екатеринбург чаты,Екатеринбург чаты:5,main,high,,sibirskiy-sad,tashir,sverdlovskaya-oblast,ekaterinburg,
Ташир,Другой город/регион,Свердловская область,Екатеринбург,,,Старт,Ташир,https://t.me/JKStartZhilcy,https://t.me/JKStartZhilcy,Екатеринбург чаты,Екатеринбург чаты:66,main,high,,start,tashir,sverdlovskaya-oblast,ekaterinburg,
Ташир,Другой город/регион,Свердловская область,Екатеринбург,,,ТАктика,Ташир,https://t.me/JKTaktika,https://t.me/JKTaktika,Екатеринбург чаты,Екатеринбург чаты:48,main,high,,taktika,tashir,sverdlovskaya-oblast,ekaterinburg,
Ташир,Другой город/регион,Свердловская область,Екатеринбург,,,Философия Идеалистов,Ташир,https://t.me/JKFilosofiYaIdealistov,https://t.me/JKFilosofiYaIdealistov,Екатеринбург чаты,Екатеринбург чаты:56,main,high,,filosofiya-idealistov,tashir,sverdlovskaya-oblast,ekaterinburg,
Ташир,Другой город/регион,Свердловская область,Екатеринбург,,,Фристайл,Ташир,https://t.me/JKFristail,https://t.me/JKFristail,Екатеринбург чаты,Екатеринбург чаты:46,main,high,,fristayl,tashir,sverdlovskaya-oblast,ekaterinburg,
Ташир,Другой город/регион,Свердловская область,Екатеринбург,,,Центральный парк,Ташир,https://t.me/JKCentralniyPark,https://t.me/JKCentralniyPark,Екатеринбург чаты,Екатеринбург чаты:25,main,high,,tsentralnyy-park,tashir,sverdlovskaya-oblast,ekaterinburg,
Ташир,Другой город/регион,Свердловская область,Екатеринбург,,,Шишимская гора,Ташир,https://t.me/JKShishimskayaGora,https://t.me/JKShishimskayaGora,Екатеринбург чаты,Екатеринбург чаты:54,main,high,,shishimskaya-gora,tashir,sverdlovskaya-oblast,ekaterinburg,
Ташир,Другой город/регион,Свердловская область,Екатеринбург,,,Южный сад,Ташир,https://t.me/JKUzniySad,https://t.me/JKUzniySad,Екатеринбург чаты,Екатеринбург чаты:35,main,high,,yuzhnyy-sad,tashir,sverdlovskaya-oblast,ekaterinburg,
Ташир,Другой город/регион,Свердловская область,Екатеринбург,,,лес,Ташир,https://t.me/JKLeszhiteli,https://t.me/JKLeszhiteli,Екатеринбург чаты,Екатеринбург чаты:7,main,high,,les,tashir,sverdlovskaya-oblast,ekaterinburg,
Телецентр,Другой город/регион,Новосибирская область,Новосибирск,,,ЖК 1956 Кварталы Телецентра,Телецентр,https://t.me/JK1956KvarlaliTeletsentraJiltsi,https://t.me/JK1956KvarlaliTeletsentraJiltsi,Новосибирск чаты,Новосибирск чаты:32,main,high,,zhk-1956-kvartaly-teletsentra,teletsentr,novosibirskaya-oblast,novosibirsk,
Технополис,Другой город/регион,Санкт-Петербург / Ленинградская область,Санкт-Петербург / агломерация,,,"ЖК ""Новикола""",Технополис,https://t.me/JKNovikola,https://t.me/JKNovikola,Питер чаты,Питер чаты:111,main,high,,zhk-novikola,tekhnopolis,sankt-peterburg-leningradskaya-oblast,sankt-peterburg-aglomeratsiya,
Тишина,Другой город/регион,Свердловская область,Екатеринбург,,,Тишина,Тишина,https://t.me/JKTishina,https://t.me/JKTishina,Екатеринбург чаты,Екатеринбург чаты:37,main,high,,tishina,tishina,sverdlovskaya-oblast,ekaterinburg,
Трест--36,Другой город/регион,Санкт-Петербург / Ленинградская область,Санкт-Петербург / агломерация,,,"ЖК ""Belevsky club""",Трест--36,https://t.me/JKBelKlab,https://t.me/JKBelKlab,Питер чаты,Питер чаты:103,main,high,,zhk-belevsky-club,trest-36,sankt-peterburg-leningradskaya-oblast,sankt-peterburg-aglomeratsiya,
УНИСТРОЙ,Другой город/регион,Республика Татарстан,Казань,,,ЖК Statum,УНИСТРОЙ,https://t.me/JKStatumDolchiki,https://t.me/JKStatumDolchiki,Казань чаты,Казань чаты:7; Казань чаты:78,main,high,,zhk-statum,unistroi,respublika-tatarstan,kazan,
УНИСТРОЙ,Другой город/регион,Республика Татарстан,Казань,,,ЖК UNO,УНИСТРОЙ,https://t.me/JKUNODolchiki,https://t.me/JKUNODolchiki,Казань чаты,Казань чаты:2; Казань чаты:73,main,high,,zhk-uno,unistroi,respublika-tatarstan,kazan,
УНИСТРОЙ,Другой город/регион,Республика Татарстан,Казань,,,ЖК Весна-2,УНИСТРОЙ,https://t.me/JKVesna2Dolchiki,https://t.me/JKVesna2Dolchiki,Казань чаты,Казань чаты:13; Казань чаты:84,main,high,,zhk-vesna-2,unistroi,respublika-tatarstan,kazan,
УНИСТРОЙ,Другой город/регион,Санкт-Петербург / Ленинградская область,Санкт-Петербург / агломерация,,,ЖК Лисино,УНИСТРОЙ,https://t.me/JKLisinoSosedi,https://t.me/JKLisinoSosedi,Питер чаты,Питер чаты:9,main,high,,zhk-lisino,unistroi,sankt-peterburg-leningradskaya-oblast,sankt-peterburg-aglomeratsiya,
УЭЗ,Москва,Москва,Москва,ЦАО,Пресненский,ЖК «Шелепиха»,УЭЗ,https://t.me/JKShelepiha,https://t.me/JKShelepiha,Москва чаты,Москва чаты:170,main,medium,,zhk-shelepiha,uez,moskva,moskva,presnenskiy
ФОНЧЕНКО,Москва,Москва,Москва,ЗАО,Дорогомилово,ЖК Victory Park Residences,ФОНЧЕНКО,https://t.me/ZhKVictoryParkResidencesSosedi,https://t.me/ZhKVictoryParkResidencesSosedi,Москва чаты,Москва чаты:15,main,high,,zhk-victory-park-residences,fonchenko,moskva,moskva,dorogomilovo
ФСК,Москва,Москва,Москва,ВАО,Гольяново,ЖК Первый Измайловский,ФСК,https://t.me/JK1IzmailChat,https://t.me/JK1IzmailChat,Москва чаты,Москва чаты:211,main,high,,zhk-pervyy-izmaylovskiy,fsk,moskva,moskva,golyanovo
ФСК,Новая Москва,Москва,Москва,НАО,Московский,ЖК 1-й Саларьевский,ФСК,https://t.me/JK1ySalarievskiy,https://t.me/JK1ySalarievskiy,Москва чаты,Москва чаты:203,main,medium,,zhk-1-y-salarevskiy,fsk,moskva,moskva,moskovskiy
ФСК,Новая Москва,Москва,Москва,НАО,Московский / Говорово,ЖК Движение. Говорово,ФСК,https://t.me/JKDvizhGovorovo,https://t.me/JKDvizhGovorovo,Москва чаты,Москва чаты:97,main,high,,zhk-dvizhenie-govorovo,fsk,moskva,moskva,moskovskiy-govorovo
ФСК,Новая Москва,Москва,Москва,НАО,Сосенское / Коммунарка,ЖК 1-й Ясеневский,ФСК,https://t.me/JK1Yasenevskiy,https://t.me/JK1Yasenevskiy,Москва чаты,Москва чаты:163,main,medium,,zhk-1-y-yasenevskiy,fsk,moskva,moskva,sosenskoe-kommunarka
ФСК,Москва,Москва,Москва,САО,Беговой,ЖК Amber City,ФСК,https://t.me/JKAmberCitySob,https://t.me/JKAmberCitySob,Москва чаты,Москва чаты:247,main,medium,,zhk-amber-city,fsk,moskva,moskva,begovoy
ФСК,Москва,Москва,Москва,СВАО,Ростокино,ЖК Режиссёр,ФСК,https://t.me/jkRezhisser,https://t.me/jkRezhisser,Москва чаты,Москва чаты:272,main,high,,zhk-rezhisser,fsk,moskva,moskva,rostokino
ФСК,Москва,Москва,Москва,СВАО,Свиблово,The Lake,ФСК,https://t.me/TheLakeChat,https://t.me/TheLakeChat,"Москва чаты, Сдача по чатам",Москва чаты:24; Сдача по чатам:10,"delivery, main",medium,,the-lake,fsk,moskva,moskva,sviblovo
ФСК,Москва,Москва,Москва,СЗАО,Покровское-Стрешнево,ЖК 1-й Шереметьевский,ФСК,https://t.me/JKSkyGarden,https://t.me/JKSkyGarden,"Москва чаты, Сдача по чатам",Москва чаты:125; Сдача по чатам:47,"delivery, main",high,,zhk-1-y-sheremetevskiy,fsk,moskva,moskva,pokrovskoe-streshnevo
ФСК,Москва,Москва,Москва,СЗАО,Хорошёво-Мнёвники,ЖК Sydney Prime,ФСК,https://t.me/JKSydneyPrime,https://t.me/JKSydneyPrime,Москва чаты,Москва чаты:249,main,high,,zhk-sydney-prime,fsk,moskva,moskva,horoshevo-mnevniki
ФСК,Москва,Москва,Москва,СЗАО,Хорошёво-Мнёвники,"ЖК «Сидней Сити» (Sydney City, бывш. Viewpolis)",ФСК,https://t.me/jk_sidnej_siti_viewpolis,https://t.me/jk_sidnej_siti_viewpolis,Москва чаты,Москва чаты:111,main,high,,zhk-sidney-siti-sydney-city-byvsh-viewpolis,fsk,moskva,moskva,horoshevo-mnevniki
ФСК,Москва,Москва,Москва,ЮАО,Нагатино-Садовники,ЖК Rotterdam,ФСК,https://t.me/JKRotterdamsob,https://t.me/JKRotterdamsob,Москва чаты,Москва чаты:63,main,high,,zhk-rotterdam,fsk,moskva,moskva,nagatino-sadovniki
ФСК,Московская область,Московская область,Красногорск,,Сабурово,КП Сабурово,ФСК,https://t.me/KPSaburovoKlabChat,https://t.me/KPSaburovoKlabChat,Москва чаты,Москва чаты:25,main,high,,kp-saburovo,fsk,moskovskaya-oblast,krasnogorsk,saburovo
ФСК,Московская область,Московская область,Ленинский г.о.,,Видное/Южная часть,ЖК 1-й Южный,ФСК,https://t.me/JKPerviyYouzniy,https://t.me/JKPerviyYouzniy,Москва чаты,Москва чаты:68,main,medium,,zhk-1-y-yuzhnyy,fsk,moskovskaya-oblast,leninskiy-g-o,vidnoe-yuzhnaya-chast
ФСК,Московская область,Московская область,Ленинский г.о.,,Развилка,ЖК «Римский»,ФСК,https://t.me/jkrimskiychatsobstvennikov,https://t.me/jkrimskiychatsobstvennikov,"Москва чаты, Сдача по чатам",Москва чаты:21; Сдача по чатам:8,"delivery, main",high,,zhk-rimskiy,fsk,moskovskaya-oblast,leninskiy-g-o,razvilka
ФСК,Московская область,Московская область,Ленинский г.о.,,дер. Сапроново/Видное,ЖК 1-й Донской,ФСК,https://t.me/JKPerviyDonskoy,https://t.me/JKPerviyDonskoy,"Москва чаты, Сдача по чатам",Москва чаты:212; Сдача по чатам:16,"delivery, main",medium,,zhk-1-y-donskoy,fsk,moskovskaya-oblast,leninskiy-g-o,der-sapronovo-vidnoe
ФСК,Московская область,Московская область,Одинцовский г.о.,,Новоивановское/Заречье,ЖК Заречный Квартал/Skolkovo ONE,ФСК,https://t.me/ChatZKZarechniyKvartal,https://t.me/ChatZKZarechniyKvartal,"Москва чаты, Сдача по чатам",Москва чаты:30; Сдача по чатам:7,"delivery, main",medium,,zhk-zarechnyy-kvartal-skolkovo-one,fsk,moskovskaya-oblast,odintsovskiy-g-o,novoivanovskoe-zareche
ФСК,Московская область,Московская область,Химки,,,ЖК 1-й Химкинский,ФСК,https://t.me/JK_1HimkinskiSob,https://t.me/JK_1HimkinskiSob,Москва чаты,Москва чаты:214,main,high,,zhk-1-y-himkinskiy,fsk,moskovskaya-oblast,himki,
ФСК,Московская область,Московская область,Химки/Долгопрудный,,,ЖК 1-й Шереметьевский,ФСК,https://t.me/JK1ySheremetievskiy,https://t.me/JK1ySheremetievskiy,Москва чаты,Москва чаты:232,main,medium,,zhk-1-y-sheremetevskiy,fsk,moskovskaya-oblast,himki-dolgoprudnyy,
ФСК,Другой город/регион,Санкт-Петербург / Ленинградская область,Санкт-Петербург / агломерация,,,"ЖК ""Up-квартал Воронцовский""",ФСК,https://t.me/JKUpkvVor,https://t.me/JKUpkvVor,Питер чаты,Питер чаты:99,main,high,,zhk-up-kvartal-vorontsovskiy,fsk,sankt-peterburg-leningradskaya-oblast,sankt-peterburg-aglomeratsiya,
ФСК,Другой город/регион,Санкт-Петербург / Ленинградская область,Санкт-Петербург / агломерация,,,"ЖК ""Новый Московский""",ФСК,https://t.me/JKNoviMoskovskiSosedi,https://t.me/JKNoviMoskovskiSosedi,Питер чаты,Питер чаты:36,main,high,,zhk-novyy-moskovskiy,fsk,sankt-peterburg-leningradskaya-oblast,sankt-peterburg-aglomeratsiya,
ФСК,Другой город/регион,Санкт-Петербург / Ленинградская область,Санкт-Петербург / агломерация,,,ЖК N8,ФСК,https://t.me/JKN8Sosedi,https://t.me/JKN8Sosedi,Питер чаты,Питер чаты:133,main,high,,zhk-n8,fsk,sankt-peterburg-leningradskaya-oblast,sankt-peterburg-aglomeratsiya,
Фадеев,Другой город/регион,Новосибирская область,Новосибирск,,,ЖК Фора,Фадеев,https://t.me/JKFora,https://t.me/JKFora,Новосибирск чаты,Новосибирск чаты:91,main,high,,zhk-fora,fadeev,novosibirskaya-oblast,novosibirsk,
Формула Комфорта,Другой город/регион,Новосибирская область,Новосибирск,,,ЖК Тетрис,Формула Комфорта,https://t.me/JKTetrisJiltsi,https://t.me/JKTetrisJiltsi,Новосибирск чаты,Новосибирск чаты:47,main,high,,zhk-tetris,formula-komforta,novosibirskaya-oblast,novosibirsk,
Форум-Групп,Другой город/регион,Свердловская область,Екатеринбург,,,Форум Сити,Форум-Групп,https://t.me/JKForumCity,https://t.me/JKForumCity,Екатеринбург чаты,Екатеринбург чаты:18,main,high,,forum-siti,forum-grupp,sverdlovskaya-oblast,ekaterinburg,
Фридом-Сити,Другой город/регион,Новосибирская область,Новосибирск,,,ЖК Freedom,Фридом-Сити,https://t.me/JKFreedomJiltsi,https://t.me/JKFreedomJiltsi,Новосибирск чаты,Новосибирск чаты:16,main,high,,zhk-freedom,fridom-siti,novosibirskaya-oblast,novosibirsk,
Химметалл,Другой город/регион,Новосибирская область,Новосибирск,,,ЖК  Никольский парк,Химметалл,https://t.me/JKNikolPark,https://t.me/JKNikolPark,Новосибирск чаты,Новосибирск чаты:101,main,high,,zhk-nikolskiy-park,khimmetall,novosibirskaya-oblast,novosibirsk,
ЦДС,Другой город/регион,Санкт-Петербург / Ленинградская область,Санкт-Петербург / агломерация,,,"ЖК ""ЦДС Dreamline""",ЦДС,https://t.me/CDSDremlineSosedi,https://t.me/CDSDremlineSosedi,Питер чаты,Питер чаты:52,main,high,,zhk-tsds-dreamline,tsds,sankt-peterburg-leningradskaya-oblast,sankt-peterburg-aglomeratsiya,
ЦДС,Другой город/регион,Санкт-Петербург / Ленинградская область,Санкт-Петербург / агломерация,,,"ЖК ""ЦДС Новые горизонты""",ЦДС,https://t.me/JKCDSNoviegorizontiSosedi,https://t.me/JKCDSNoviegorizontiSosedi,Питер чаты,Питер чаты:50,main,high,,zhk-tsds-novye-gorizonty,tsds,sankt-peterburg-leningradskaya-oblast,sankt-peterburg-aglomeratsiya,
ЦДС,Другой город/регион,Санкт-Петербург / Ленинградская область,Санкт-Петербург / агломерация,,,ЖК Parkolovo,ЦДС,https://t.me/JKParkolovoSosedi,https://t.me/JKParkolovoSosedi,Питер чаты,Питер чаты:24,main,high,,zhk-parkolovo,tsds,sankt-peterburg-leningradskaya-oblast,sankt-peterburg-aglomeratsiya,
ЦДС,Другой город/регион,Санкт-Петербург / Ленинградская область,Санкт-Петербург / агломерация,,,ЖК Город первых,ЦДС,https://t.me/JKGorodpervihSosedi,https://t.me/JKGorodpervihSosedi,Питер чаты,Питер чаты:21,main,high,,zhk-gorod-pervyh,tsds,sankt-peterburg-leningradskaya-oblast,sankt-peterburg-aglomeratsiya,
ЦДС,Другой город/регион,Санкт-Петербург / Ленинградская область,Санкт-Петербург / агломерация,,,ЖК Черная речка,ЦДС,https://t.me/JKChernaaRechkaSosedi,https://t.me/JKChernaaRechkaSosedi,Питер чаты,Питер чаты:18,main,high,,zhk-chernaya-rechka,tsds,sankt-peterburg-leningradskaya-oblast,sankt-peterburg-aglomeratsiya,
Центр-Инвест,Москва,Москва,Москва,САО,Левобережный,ЖК «Фестиваль Парк-2,Центр-Инвест,https://t.me/jk_festivalpark2,@jk_festivalpark2,"Москва чаты, Сдача по чатам",Москва чаты:6; Сдача по чатам:6,"delivery, main",high,,zhk-festival-park-2,tsentr-invest,moskva,moskva,levoberezhnyy
Центр-Инвест,Москва,Москва,Москва,ЦАО,Якиманка,ЖК Titul Private,Центр-Инвест,https://t.me/JKTitulPrivatesob,https://t.me/JKTitulPrivatesob,Москва чаты,Москва чаты:64,main,medium,,zhk-titul-private,tsentr-invest,moskva,moskva,yakimanka
Центральная инвестиционная компания,Другой город/регион,Краснодарский край,Сочи,,,ЖК Чайные холмы,Центральная инвестиционная компания,https://t.me/JKChainieholmiSosedi2,https://t.me/JKChainieholmiSosedi2,Сочи чаты,Сочи чаты:8,main,high,,zhk-chaynye-holmy,tsentral-naia-investitsionnaia-kompaniia,krasnodarskiy-kray,sochi,
Эдельвейс,Другой город/регион,Санкт-Петербург / Ленинградская область,Санкт-Петербург / агломерация,,,"ЖК ""Эдельвейс""",Эдельвейс,https://t.me/JKEdelveis,https://t.me/JKEdelveis,Питер чаты,Питер чаты:120,main,high,,zhk-edelveys,edel-veis,sankt-peterburg-leningradskaya-oblast,sankt-peterburg-aglomeratsiya,
Элита-эко,Москва,Москва,Москва,ЦАО,Якиманка,ЖК D`oro Mille,Элита-эко,https://t.me/JKDoroMille,https://t.me/JKDoroMille,Москва чаты,Москва чаты:175,main,medium,,zhk-d-oro-mille,elita-eko,moskva,moskva,yakimanka
Энергомонтаж,Другой город/регион,Новосибирская область,Новосибирск,,,ЖК АТОМ,Энергомонтаж,https://t.me/JKATOMJiltsi,https://t.me/JKATOMJiltsi,Новосибирск чаты,Новосибирск чаты:8,main,high,,zhk-atom,energomontazh,novosibirskaya-oblast,novosibirsk,
Энергомонтаж,Другой город/регион,Новосибирская область,Новосибирск,,,ЖК Династия,Энергомонтаж,https://t.me/JKDinastiyaJiltsi,https://t.me/JKDinastiyaJiltsi,Новосибирск чаты,Новосибирск чаты:9,main,high,,zhk-dinastiya,energomontazh,novosibirskaya-oblast,novosibirsk,
Энергомонтаж,Другой город/регион,Новосибирская область,Новосибирск,,,ЖК Микрорайон Приозерная,Энергомонтаж,https://t.me/JKMicrPriozerniy,https://t.me/JKMicrPriozerniy,Новосибирск чаты,Новосибирск чаты:111,main,high,,zhk-mikrorayon-priozernaya,energomontazh,novosibirskaya-oblast,novosibirsk,
Эталон,Москва,Москва,Москва,ЦАО,Замоскворечье,ЖК Voxhall (Воксхолл),Эталон,https://t.me/JKVoxhollS,https://t.me/JKVoxhollS,Москва чаты,Москва чаты:133,main,high,,zhk-voxhall-voksholl,etalon,moskva,moskva,zamoskvoreche
Эталон,Москва,Москва,Москва,ЮАО,Даниловский,ЖК Shagal,Эталон,https://t.me/ZhKShagalSosedi,https://t.me/ZhKShagalSosedi,Москва чаты,Москва чаты:218,main,high,,zhk-shagal,etalon,moskva,moskva,danilovskiy
Эталон,Другой город/регион,Республика Татарстан,Казань,,,ЖК Счастье в Казани,Эталон,https://t.me/JKChcastievKazaniDolchiki,https://t.me/JKChcastievKazaniDolchiki,Казань чаты,Казань чаты:12; Казань чаты:83,main,high,,zhk-schaste-v-kazani,etalon,respublika-tatarstan,kazan,
Эталон,Другой город/регион,Санкт-Петербург / Ленинградская область,Санкт-Петербург / агломерация,,,"ЖК ""Монография""",Эталон,https://t.me/JKMonografiyaSosedi,https://t.me/JKMonografiyaSosedi,Питер чаты,Питер чаты:73,main,high,,zhk-monografiya,etalon,sankt-peterburg-leningradskaya-oblast,sankt-peterburg-aglomeratsiya,
ЮНИТИ,Другой город/регион,Новосибирская область,Новосибирск,,,ЖК Unity Center,ЮНИТИ,https://t.me/JKUnityCenter,https://t.me/JKUnityCenter,Новосибирск чаты,Новосибирск чаты:100,main,high,,zhk-unity-center,iuniti,novosibirskaya-oblast,novosibirsk,
ЮНИТИ,Другой город/регион,Новосибирская область,Новосибирск,,,ЖК Will Art,ЮНИТИ,https://t.me/JKWillArtJiltsi,https://t.me/JKWillArtJiltsi,Новосибирск чаты,Новосибирск чаты:33,main,high,,zhk-will-art,iuniti,novosibirskaya-oblast,novosibirsk,
ЮНИТИ,Другой город/регион,Новосибирская область,Новосибирск,,,ЖК Баланс,ЮНИТИ,https://t.me/JKBalanceJiltsi,https://t.me/JKBalanceJiltsi,Новосибирск чаты,Новосибирск чаты:39,main,high,,zhk-balans,iuniti,novosibirskaya-oblast,novosibirsk,
Юникей,Новая Москва,Москва,Москва,НАО,Сосенское / Коммунарка,ЖК Новые Смыслы,Юникей,https://t.me/JKNovieSmisliSob,https://t.me/JKNovieSmisliSob,Москва чаты,Москва чаты:254,main,high,,zhk-novye-smysly,iunikei,moskva,moskva,sosenskoe-kommunarka
